Name, Korgan
Device, SAMSUNG-SM-G900A
Date, Fri Jan 11 16:16:57 CST 2019
Workout Name, Criss cross threshold 1x12
Workout Duration (sec), 1440
Warm up Duration (sec), 126
Total Distance (Miles), 5.26
Total Calories Burned (kcal), 169
Power Average, Max Power 
97, 138
Heart Rate Average, Max Heart Rate 
-1, -1
Cadence Average, Max Cadence 
73, 82.0
Average Speed (MPH), Max Speed (MPH) 
12.10, 14.35
Time, Power, Heart Rate, Speed (MPH), Cadence, Accumulated Distance, Accumulated Calories Burned 
0.0, 58, -1, 9.34, 57.0, 0.00, 0
1.001, 59, -1, 9.35, 56.0, 0.00, 0
2.001, 60, -1, 9.35, 56.0, 0.01, 0
3.05, 62, -1, 9.37, 56.0, 0.01, 0
4.0, 65, -1, 9.96, 57.0, 0.01, 0
5.0, 66, -1, 9.97, 56.0, 0.01, 0
6.0, 65, -1, 9.96, 57.0, 0.02, 0
7.0, 66, -1, 9.97, 57.0, 0.02, 0
8.001, 68, -1, 9.98, 58.0, 0.02, 1
9.001, 69, -1, 9.99, 59.0, 0.02, 1
10.001, 73, -1, 10.58, 59.0, 0.03, 1
11.001, 71, -1, 10.57, 60.0, 0.03, 1
12.001, 71, -1, 10.56, 60.0, 0.03, 1
13.001, 69, -1, 9.99, 62.0, 0.04, 1
14.0, 67, -1, 9.98, 63.0, 0.04, 1
15.001, 65, -1, 9.96, 64.0, 0.04, 1
16.001, 65, -1, 9.96, 63.0, 0.04, 1
17.01, 66, -1, 9.97, 63.0, 0.05, 1
18.001, 71, -1, 10.57, 62.0, 0.05, 1
19.001, 84, -1, 11.22, 61.0, 0.05, 1
20.001, 78, -1, 10.62, 61.0, 0.06, 2
21.001, 71, -1, 10.57, 61.0, 0.06, 2
22.001, 70, -1, 10.00, 63.0, 0.06, 2
23.001, 70, -1, 10.00, 64.0, 0.06, 2
24.001, 78, -1, 10.62, 66.0, 0.07, 2
25.001, 81, -1, 11.20, 67.0, 0.07, 2
26.0, 79, -1, 11.19, 68.0, 0.07, 2
27.0, 81, -1, 11.20, 72.0, 0.08, 2
28.001, 72, -1, 10.58, 73.0, 0.08, 2
29.001, 69, -1, 10.00, 75.0, 0.08, 2
30.001, 68, -1, 9.99, 76.0, 0.09, 2
31.0, 68, -1, 9.98, 72.0, 0.09, 2
32.002, 67, -1, 9.97, 70.0, 0.09, 2
33.0, 70, -1, 10.00, 72.0, 0.09, 3
34.0, 63, -1, 9.38, 71.0, 0.10, 3
35.0, 57, -1, 9.33, 71.0, 0.10, 3
36.0, 59, -1, 9.35, 73.0, 0.10, 3
37.05, 65, -1, 9.96, 75.0, 0.10, 3
38.051, 63, -1, 9.94, 77.0, 0.11, 3
39.002, 61, -1, 9.37, 76.0, 0.11, 3
40.05, 59, -1, 9.35, 73.0, 0.11, 3
41.05, 59, -1, 9.35, 71.0, 0.11, 3
42.0, 58, -1, 9.34, 70.0, 0.12, 3
43.0, 59, -1, 9.35, 69.0, 0.12, 3
44.05, 64, -1, 9.95, 70.0, 0.12, 3
45.05, 62, -1, 9.37, 71.0, 0.13, 3
46.0, 61, -1, 9.36, 75.0, 0.13, 3
47.0, 60, -1, 9.36, 73.0, 0.13, 4
48.05, 58, -1, 9.34, 73.0, 0.13, 4
49.05, 57, -1, 9.33, 70.0, 0.14, 4
50.0, 59, -1, 9.35, 73.0, 0.14, 4
51.0, 61, -1, 9.37, 75.0, 0.14, 4
52.0, 61, -1, 9.36, 78.0, 0.14, 4
53.002, 58, -1, 9.34, 74.0, 0.15, 4
54.003, 59, -1, 9.35, 76.0, 0.15, 4
55.0, 59, -1, 9.35, 71.0, 0.15, 4
56.0, 62, -1, 9.37, 72.0, 0.15, 4
57.05, 62, -1, 9.37, 71.0, 0.16, 4
58.0, 60, -1, 9.36, 72.0, 0.16, 4
59.0, 59, -1, 9.35, 71.0, 0.16, 4
60.05, 58, -1, 9.34, 74.0, 0.16, 4
61.05, 60, -1, 9.35, 75.0, 0.17, 4
62.0, 58, -1, 9.34, 76.0, 0.17, 5
63.0, 62, -1, 9.37, 74.0, 0.17, 5
64.0, 62, -1, 9.37, 73.0, 0.17, 5
65.0, 62, -1, 9.38, 72.0, 0.18, 5
66.05, 61, -1, 9.37, 71.0, 0.18, 5
67.0, 63, -1, 9.95, 71.0, 0.18, 5
68.0, 59, -1, 9.35, 71.0, 0.19, 5
69.0, 58, -1, 9.34, 71.0, 0.19, 5
70.0, 55, -1, 8.76, 73.0, 0.19, 5
71.001, 57, -1, 9.33, 71.0, 0.19, 5
72.05, 56, -1, 9.32, 70.0, 0.20, 5
73.0, 57, -1, 9.33, 69.0, 0.20, 5
74.0, 60, -1, 9.36, 73.0, 0.20, 5
75.0, 60, -1, 9.36, 72.0, 0.20, 5
76.0, 61, -1, 9.36, 72.0, 0.21, 5
77.001, 63, -1, 9.95, 75.0, 0.21, 6
78.0, 63, -1, 9.38, 74.0, 0.21, 6
79.0, 61, -1, 9.37, 74.0, 0.21, 6
80.002, 60, -1, 9.36, 71.0, 0.22, 6
81.002, 62, -1, 9.37, 71.0, 0.22, 6
82.0, 62, -1, 9.37, 71.0, 0.22, 6
83.0, 61, -1, 9.36, 72.0, 0.22, 6
84.001, 59, -1, 9.35, 71.0, 0.23, 6
85.05, 59, -1, 9.35, 70.0, 0.23, 6
86.0, 61, -1, 9.36, 70.0, 0.23, 6
87.0, 62, -1, 9.37, 70.0, 0.23, 6
88.0, 58, -1, 9.34, 70.0, 0.24, 6
89.002, 60, -1, 9.36, 70.0, 0.24, 6
90.0, 59, -1, 9.35, 70.0, 0.24, 6
91.0, 63, -1, 9.94, 75.0, 0.25, 6
92.0, 60, -1, 9.36, 73.0, 0.25, 7
93.0, 60, -1, 9.36, 76.0, 0.25, 7
94.0, 59, -1, 9.35, 69.0, 0.25, 7
95.0, 57, -1, 9.33, 74.0, 0.26, 7
96.002, 56, -1, 8.76, 70.0, 0.26, 7
97.05, 57, -1, 9.33, 71.0, 0.26, 7
98.0, 57, -1, 9.33, 69.0, 0.26, 7
99.0, 58, -1, 9.34, 73.0, 0.27, 7
100.0, 62, -1, 9.37, 72.0, 0.27, 7
101.0, 65, -1, 9.96, 73.0, 0.27, 7
102.0, 65, -1, 9.96, 72.0, 0.27, 7
103.051, 62, -1, 9.38, 70.0, 0.28, 7
104.0, 59, -1, 9.35, 74.0, 0.28, 7
105.0, 58, -1, 9.34, 71.0, 0.28, 7
106.05, 59, -1, 9.35, 72.0, 0.28, 7
107.0, 60, -1, 9.36, 70.0, 0.29, 8
108.0, 63, -1, 9.38, 71.0, 0.29, 8
109.001, 60, -1, 9.36, 71.0, 0.29, 8
110.001, 60, -1, 9.36, 71.0, 0.29, 8
111.0, 61, -1, 9.36, 71.0, 0.30, 8
112.001, 60, -1, 9.36, 71.0, 0.30, 8
113.001, 60, -1, 9.35, 71.0, 0.30, 8
114.001, 58, -1, 9.34, 68.0, 0.31, 8
115.001, 59, -1, 9.35, 65.0, 0.31, 8
116.001, 61, -1, 9.36, 70.0, 0.31, 8
117.001, 59, -1, 9.35, 74.0, 0.31, 8
118.001, 56, -1, 9.32, 73.0, 0.32, 8
119.001, 58, -1, 9.34, 71.0, 0.32, 8
120.001, 61, -1, 9.37, 72.0, 0.32, 8
121.001, 61, -1, 9.37, 72.0, 0.32, 8
122.0, 59, -1, 9.35, 76.0, 0.33, 9
123.001, 59, -1, 9.35, 76.0, 0.33, 9
124.001, 60, -1, 9.36, 74.0, 0.33, 9
125.001, 62, -1, 9.37, 72.0, 0.33, 9
126.001, 63, -1, 9.38, 74.0, 0.34, 9
127.001, 61, -1, 9.37, 73.0, 0.34, 9
128.0, 59, -1, 9.35, 73.0, 0.34, 9
129.019, 57, -1, 9.33, 71.0, 0.34, 9
130.0, 59, -1, 9.35, 73.0, 0.35, 9
131.001, 60, -1, 9.36, 71.0, 0.35, 9
132.0, 58, -1, 9.34, 72.0, 0.35, 9
133.019, 60, -1, 9.35, 71.0, 0.35, 9
134.013, 62, -1, 9.38, 71.0, 0.36, 9
135.012, 62, -1, 9.37, 71.0, 0.36, 9
136.0, 72, -1, 10.57, 72.0, 0.36, 9
137.001, 72, -1, 10.57, 75.0, 0.37, 10
138.001, 72, -1, 10.58, 76.0, 0.37, 10
139.0, 72, -1, 10.57, 78.0, 0.37, 10
140.001, 68, -1, 9.99, 74.0, 0.37, 10
141.004, 68, -1, 9.98, 75.0, 0.38, 10
142.0, 69, -1, 9.99, 71.0, 0.38, 10
143.001, 68, -1, 9.99, 74.0, 0.38, 10
144.001, 70, -1, 10.00, 74.0, 0.39, 10
145.0, 70, -1, 10.00, 75.0, 0.39, 10
146.002, 71, -1, 10.56, 75.0, 0.39, 10
147.001, 73, -1, 10.58, 76.0, 0.39, 10
148.01, 72, -1, 10.57, 76.0, 0.40, 10
149.001, 70, -1, 10.00, 73.0, 0.40, 10
150.019, 68, -1, 9.99, 74.0, 0.40, 11
151.001, 70, -1, 10.00, 74.0, 0.41, 11
152.01, 74, -1, 10.59, 76.0, 0.41, 11
153.012, 71, -1, 10.57, 77.0, 0.41, 11
154.021, 71, -1, 10.57, 77.0, 0.41, 11
155.007, 70, -1, 10.00, 73.0, 0.42, 11
156.01, 70, -1, 10.00, 72.0, 0.42, 11
157.0, 69, -1, 9.99, 77.0, 0.42, 11
158.014, 69, -1, 9.99, 73.0, 0.43, 11
159.006, 69, -1, 9.99, 76.0, 0.43, 11
160.0, 70, -1, 10.00, 74.0, 0.43, 11
161.001, 71, -1, 10.57, 73.0, 0.43, 11
162.011, 71, -1, 10.57, 74.0, 0.44, 12
163.001, 68, -1, 9.98, 75.0, 0.44, 12
164.001, 69, -1, 9.99, 76.0, 0.44, 12
165.0, 71, -1, 10.57, 76.0, 0.45, 12
166.0, 71, -1, 10.57, 76.0, 0.45, 12
167.001, 69, -1, 9.99, 76.0, 0.45, 12
168.0, 67, -1, 9.98, 76.0, 0.45, 12
169.001, 67, -1, 9.98, 75.0, 0.46, 12
170.001, 70, -1, 10.00, 74.0, 0.46, 12
171.0, 70, -1, 10.00, 74.0, 0.46, 12
172.005, 71, -1, 10.57, 75.0, 0.46, 12
173.006, 73, -1, 10.58, 76.0, 0.47, 12
174.015, 71, -1, 10.57, 77.0, 0.47, 12
175.014, 71, -1, 10.57, 76.0, 0.47, 13
176.011, 72, -1, 10.58, 77.0, 0.48, 13
177.001, 73, -1, 10.59, 73.0, 0.48, 13
178.022, 71, -1, 10.56, 72.0, 0.48, 13
179.002, 68, -1, 9.99, 70.0, 0.49, 13
180.0, 71, -1, 10.56, 73.0, 0.49, 13
181.0, 70, -1, 10.00, 74.0, 0.49, 13
182.0, 71, -1, 10.57, 75.0, 0.49, 13
183.008, 71, -1, 10.57, 73.0, 0.50, 13
184.001, 72, -1, 10.58, 75.0, 0.50, 13
185.021, 70, -1, 10.00, 79.0, 0.50, 13
186.007, 67, -1, 9.98, 78.0, 0.51, 13
187.003, 70, -1, 10.00, 78.0, 0.51, 13
188.022, 72, -1, 10.58, 76.0, 0.51, 14
189.001, 70, -1, 10.00, 76.0, 0.51, 14
190.001, 69, -1, 9.99, 76.0, 0.52, 14
191.003, 69, -1, 9.99, 73.0, 0.52, 14
192.0, 70, -1, 10.00, 71.0, 0.52, 14
193.014, 71, -1, 10.56, 73.0, 0.53, 14
194.0, 70, -1, 10.00, 75.0, 0.53, 14
195.001, 72, -1, 10.58, 76.0, 0.53, 14
196.008, 70, -1, 10.00, 76.0, 0.53, 14
197.001, 71, -1, 10.57, 73.0, 0.54, 14
198.008, 68, -1, 9.98, 74.0, 0.54, 14
199.0, 67, -1, 9.98, 71.0, 0.54, 14
200.018, 70, -1, 10.00, 73.0, 0.54, 14
201.022, 70, -1, 10.00, 71.0, 0.55, 15
202.0, 67, -1, 9.97, 71.0, 0.55, 15
203.011, 69, -1, 9.99, 72.0, 0.55, 15
204.0, 68, -1, 9.99, 74.0, 0.56, 15
205.014, 72, -1, 10.57, 76.0, 0.56, 15
206.012, 73, -1, 10.58, 76.0, 0.56, 15
207.0, 71, -1, 10.56, 74.0, 0.56, 15
208.0, 71, -1, 10.56, 75.0, 0.57, 15
209.0, 65, -1, 9.96, 74.0, 0.57, 15
210.028, 70, -1, 10.00, 74.0, 0.57, 15
211.015, 70, -1, 10.00, 75.0, 0.58, 15
212.001, 71, -1, 10.57, 73.0, 0.58, 15
213.015, 71, -1, 10.57, 72.0, 0.58, 15
214.014, 70, -1, 10.00, 74.0, 0.58, 16
215.014, 71, -1, 10.57, 75.0, 0.59, 16
216.007, 70, -1, 10.00, 76.0, 0.59, 16
217.003, 68, -1, 9.99, 76.0, 0.59, 16
218.001, 67, -1, 9.98, 72.0, 0.60, 16
219.0, 68, -1, 9.98, 71.0, 0.60, 16
220.005, 68, -1, 9.98, 69.0, 0.60, 16
221.035, 70, -1, 10.00, 72.0, 0.60, 16
222.0, 72, -1, 10.58, 74.0, 0.61, 16
223.002, 71, -1, 10.57, 76.0, 0.61, 16
224.03, 72, -1, 10.58, 77.0, 0.61, 16
225.015, 67, -1, 9.98, 74.0, 0.62, 16
226.015, 67, -1, 9.98, 71.0, 0.62, 16
227.017, 69, -1, 9.99, 72.0, 0.62, 17
228.026, 70, -1, 10.00, 74.0, 0.62, 17
229.014, 72, -1, 10.57, 75.0, 0.63, 17
230.008, 72, -1, 10.57, 73.0, 0.63, 17
231.009, 74, -1, 10.59, 75.0, 0.63, 17
232.009, 71, -1, 10.57, 75.0, 0.64, 17
233.002, 70, -1, 10.00, 77.0, 0.64, 17
234.013, 70, -1, 10.00, 73.0, 0.64, 17
235.012, 68, -1, 9.98, 71.0, 0.64, 17
236.023, 69, -1, 9.99, 69.0, 0.65, 17
237.004, 69, -1, 9.99, 69.0, 0.65, 17
238.012, 67, -1, 9.97, 71.0, 0.65, 17
239.0, 69, -1, 9.99, 70.0, 0.66, 17
240.008, 69, -1, 9.99, 74.0, 0.66, 18
241.02, 68, -1, 9.99, 71.0, 0.66, 18
242.026, 69, -1, 9.99, 71.0, 0.66, 18
243.018, 72, -1, 10.58, 72.0, 0.67, 18
244.023, 88, -1, 11.81, 71.0, 0.67, 18
245.027, 90, -1, 11.82, 72.0, 0.67, 18
246.02, 88, -1, 11.81, 74.0, 0.68, 18
247.018, 87, -1, 11.24, 73.0, 0.68, 18
248.023, 84, -1, 11.22, 73.0, 0.68, 18
249.023, 83, -1, 11.22, 71.0, 0.69, 18
250.007, 83, -1, 11.22, 70.0, 0.69, 18
251.013, 82, -1, 11.21, 72.0, 0.69, 19
252.007, 80, -1, 11.19, 73.0, 0.70, 19
253.011, 84, -1, 11.23, 75.0, 0.70, 19
254.006, 84, -1, 11.23, 76.0, 0.70, 19
255.018, 84, -1, 11.22, 73.0, 0.70, 19
256.004, 84, -1, 11.22, 75.0, 0.71, 19
257.013, 83, -1, 11.22, 74.0, 0.71, 19
258.021, 86, -1, 11.24, 76.0, 0.71, 19
259.033, 87, -1, 11.24, 73.0, 0.72, 19
260.033, 83, -1, 11.22, 72.0, 0.72, 19
261.017, 83, -1, 11.21, 73.0, 0.72, 20
262.011, 82, -1, 11.21, 74.0, 0.73, 20
263.027, 81, -1, 11.20, 75.0, 0.73, 20
264.001, 81, -1, 11.20, 74.0, 0.73, 20
265.01, 80, -1, 11.20, 72.0, 0.74, 20
266.001, 85, -1, 11.23, 71.0, 0.74, 20
267.01, 84, -1, 11.23, 73.0, 0.74, 20
268.0, 83, -1, 11.21, 74.0, 0.74, 20
269.003, 85, -1, 11.23, 73.0, 0.75, 20
270.01, 83, -1, 11.22, 74.0, 0.75, 20
271.021, 82, -1, 11.21, 72.0, 0.75, 20
272.023, 80, -1, 11.19, 74.0, 0.76, 21
273.018, 83, -1, 11.22, 73.0, 0.76, 21
274.043, 84, -1, 11.22, 72.0, 0.76, 21
275.015, 82, -1, 11.21, 71.0, 0.77, 21
276.012, 86, -1, 11.24, 73.0, 0.77, 21
277.015, 85, -1, 11.23, 72.0, 0.77, 21
278.008, 84, -1, 11.23, 75.0, 0.78, 21
279.003, 85, -1, 11.23, 72.0, 0.78, 21
280.0, 82, -1, 11.21, 72.0, 0.78, 21
281.03, 81, -1, 11.20, 73.0, 0.79, 21
282.014, 81, -1, 11.20, 68.0, 0.79, 21
283.03, 78, -1, 10.62, 69.0, 0.79, 22
284.034, 81, -1, 11.20, 70.0, 0.79, 22
285.014, 81, -1, 11.20, 73.0, 0.80, 22
286.009, 81, -1, 11.20, 74.0, 0.80, 22
287.014, 84, -1, 11.22, 75.0, 0.80, 22
288.023, 85, -1, 11.23, 75.0, 0.81, 22
289.001, 87, -1, 11.25, 76.0, 0.81, 22
290.031, 87, -1, 11.24, 77.0, 0.81, 22
291.004, 86, -1, 11.24, 74.0, 0.82, 22
292.03, 84, -1, 11.22, 73.0, 0.82, 22
293.001, 85, -1, 11.23, 73.0, 0.82, 22
294.033, 84, -1, 11.22, 71.0, 0.83, 23
295.001, 83, -1, 11.22, 71.0, 0.83, 23
296.015, 82, -1, 11.21, 70.0, 0.83, 23
297.017, 79, -1, 11.19, 73.0, 0.84, 23
298.001, 82, -1, 11.21, 71.0, 0.84, 23
299.027, 81, -1, 11.20, 71.0, 0.84, 23
300.012, 87, -1, 11.81, 70.0, 0.84, 23
301.011, 88, -1, 11.81, 71.0, 0.85, 23
302.036, 83, -1, 11.22, 74.0, 0.85, 23
303.013, 84, -1, 11.22, 75.0, 0.85, 23
304.01, 82, -1, 11.21, 71.0, 0.86, 23
305.009, 80, -1, 11.20, 70.0, 0.86, 24
306.021, 80, -1, 11.19, 68.0, 0.86, 24
307.006, 81, -1, 11.20, 69.0, 0.87, 24
308.015, 81, -1, 11.20, 69.0, 0.87, 24
309.023, 85, -1, 11.23, 69.0, 0.87, 24
310.009, 84, -1, 11.22, 70.0, 0.88, 24
311.022, 84, -1, 11.22, 70.0, 0.88, 24
312.015, 81, -1, 11.20, 70.0, 0.88, 24
313.002, 80, -1, 11.19, 70.0, 0.89, 24
314.009, 82, -1, 11.21, 70.0, 0.89, 24
315.006, 84, -1, 11.22, 70.0, 0.89, 24
316.009, 85, -1, 11.23, 73.0, 0.89, 25
317.003, 83, -1, 11.22, 71.0, 0.90, 25
318.026, 83, -1, 11.21, 74.0, 0.90, 25
319.006, 78, -1, 10.62, 71.0, 0.90, 25
320.008, 82, -1, 11.21, 71.0, 0.91, 25
321.011, 83, -1, 11.22, 70.0, 0.91, 25
322.009, 81, -1, 11.20, 73.0, 0.91, 25
323.007, 81, -1, 11.20, 74.0, 0.92, 25
324.01, 81, -1, 11.20, 73.0, 0.92, 25
325.02, 83, -1, 11.22, 71.0, 0.92, 25
326.03, 82, -1, 11.21, 73.0, 0.93, 25
327.025, 83, -1, 11.21, 71.0, 0.93, 26
328.014, 83, -1, 11.21, 71.0, 0.93, 26
329.014, 84, -1, 11.22, 70.0, 0.93, 26
330.014, 86, -1, 11.23, 70.0, 0.94, 26
331.003, 81, -1, 11.20, 70.0, 0.94, 26
332.019, 81, -1, 11.20, 72.0, 0.94, 26
333.012, 79, -1, 11.19, 73.0, 0.95, 26
334.014, 80, -1, 11.20, 78.0, 0.95, 26
335.007, 84, -1, 11.23, 79.0, 0.95, 26
336.018, 87, -1, 11.25, 76.0, 0.96, 26
337.039, 80, -1, 11.20, 73.0, 0.96, 27
338.028, 82, -1, 11.21, 70.0, 0.96, 27
339.003, 85, -1, 11.23, 73.0, 0.97, 27
340.021, 79, -1, 11.19, 74.0, 0.97, 27
341.03, 86, -1, 11.24, 75.0, 0.97, 27
342.053, 92, -1, 11.84, 81.0, 0.98, 27
343.028, 92, -1, 11.84, 60.0, 0.98, 27
344.049, 85, -1, 11.23, 52.0, 0.98, 27
345.03, 85, -1, 11.23, 55.0, 0.99, 27
346.049, 83, -1, 11.22, 63.0, 0.99, 27
347.034, 84, -1, 11.22, 70.0, 0.99, 27
348.038, 87, -1, 11.24, 73.0, 0.99, 28
349.018, 86, -1, 11.24, 69.0, 1.00, 28
350.045, 82, -1, 11.21, 70.0, 1.00, 28
351.008, 81, -1, 11.20, 71.0, 1.00, 28
352.018, 84, -1, 11.23, 71.0, 1.01, 28
353.039, 82, -1, 11.21, 71.0, 1.01, 28
354.037, 83, -1, 11.22, 73.0, 1.01, 28
355.019, 83, -1, 11.22, 74.0, 1.02, 28
356.039, 84, -1, 11.22, 72.0, 1.02, 28
357.009, 82, -1, 11.21, 71.0, 1.02, 28
358.013, 82, -1, 11.21, 72.0, 1.03, 28
359.031, 81, -1, 11.20, 71.0, 1.03, 29
360.02, 82, -1, 11.21, 74.0, 1.03, 29
361.013, 82, -1, 11.21, 74.0, 1.04, 29
362.031, 81, -1, 11.20, 72.0, 1.04, 29
363.026, 88, -1, 11.81, 73.0, 1.04, 29
364.047, 91, -1, 11.83, 72.0, 1.04, 29
365.022, 97, -1, 12.43, 74.0, 1.05, 29
366.023, 98, -1, 12.44, 72.0, 1.05, 29
367.026, 93, -1, 11.85, 71.0, 1.05, 29
368.011, 94, -1, 11.85, 71.0, 1.06, 29
369.002, 89, -1, 11.82, 73.0, 1.06, 30
370.023, 90, -1, 11.83, 73.0, 1.06, 30
371.012, 93, -1, 11.84, 73.0, 1.07, 30
372.017, 90, -1, 11.83, 73.0, 1.07, 30
373.038, 91, -1, 11.83, 73.0, 1.07, 30
374.028, 89, -1, 11.82, 73.0, 1.08, 30
375.057, 94, -1, 11.85, 73.0, 1.08, 30
376.0, 92, -1, 11.84, 71.0, 1.08, 30
377.057, 90, -1, 11.83, 70.0, 1.09, 30
378.002, 90, -1, 11.83, 71.0, 1.09, 30
379.077, 94, -1, 11.85, 72.0, 1.09, 31
380.05, 92, -1, 11.84, 73.0, 1.10, 31
381.023, 94, -1, 11.85, 73.0, 1.10, 31
382.062, 91, -1, 11.83, 71.0, 1.10, 31
383.002, 89, -1, 11.82, 72.0, 1.11, 31
384.009, 90, -1, 11.83, 71.0, 1.11, 31
385.004, 89, -1, 11.82, 72.0, 1.11, 31
386.001, 90, -1, 11.82, 72.0, 1.12, 31
387.018, 90, -1, 11.83, 73.0, 1.12, 31
388.026, 89, -1, 11.82, 73.0, 1.12, 31
389.008, 91, -1, 11.83, 73.0, 1.13, 32
390.005, 93, -1, 11.85, 73.0, 1.13, 32
391.02, 91, -1, 11.83, 74.0, 1.13, 32
392.056, 89, -1, 11.82, 73.0, 1.14, 32
393.01, 89, -1, 11.82, 73.0, 1.14, 32
394.05, 92, -1, 11.84, 73.0, 1.14, 32
395.0, 93, -1, 11.85, 73.0, 1.15, 32
396.0, 91, -1, 11.83, 76.0, 1.15, 32
397.05, 91, -1, 11.83, 74.0, 1.15, 32
398.01, 87, -1, 11.81, 74.0, 1.16, 33
399.02, 89, -1, 11.82, 72.0, 1.16, 33
400.003, 96, -1, 11.86, 73.0, 1.16, 33
401.01, 95, -1, 11.86, 74.0, 1.17, 33
402.004, 94, -1, 11.85, 74.0, 1.17, 33
403.012, 92, -1, 11.84, 74.0, 1.17, 33
404.021, 90, -1, 11.83, 71.0, 1.18, 33
405.016, 95, -1, 11.86, 74.0, 1.18, 33
406.049, 103, -1, 12.47, 72.0, 1.18, 33
407.04, 105, -1, 12.48, 74.0, 1.19, 33
408.011, 103, -1, 12.47, 74.0, 1.19, 34
409.033, 99, -1, 12.44, 76.0, 1.19, 34
410.007, 97, -1, 12.43, 76.0, 1.20, 34
411.027, 99, -1, 12.44, 73.0, 1.20, 34
412.021, 103, -1, 12.47, 74.0, 1.20, 34
413.028, 100, -1, 12.45, 70.0, 1.21, 34
414.029, 100, -1, 12.45, 71.0, 1.21, 34
415.004, 100, -1, 12.45, 70.0, 1.21, 34
416.015, 99, -1, 12.45, 71.0, 1.22, 34
417.022, 100, -1, 12.45, 71.0, 1.22, 35
418.005, 101, -1, 12.46, 71.0, 1.22, 35
419.026, 99, -1, 12.44, 71.0, 1.23, 35
420.019, 101, -1, 12.45, 71.0, 1.23, 35
421.006, 102, -1, 12.47, 74.0, 1.24, 35
422.013, 102, -1, 12.46, 73.0, 1.24, 35
423.05, 99, -1, 12.45, 79.0, 1.24, 35
424.051, 99, -1, 12.45, 74.0, 1.25, 35
425.016, 99, -1, 12.44, 74.0, 1.25, 35
426.009, 101, -1, 12.46, 71.0, 1.25, 36
427.0, 102, -1, 12.46, 73.0, 1.26, 36
428.0, 104, -1, 12.47, 72.0, 1.26, 36
429.019, 105, -1, 12.48, 73.0, 1.26, 36
430.014, 103, -1, 12.47, 72.0, 1.27, 36
431.013, 101, -1, 12.46, 72.0, 1.27, 36
432.013, 98, -1, 12.44, 71.0, 1.27, 36
433.014, 98, -1, 12.44, 71.0, 1.28, 36
434.007, 99, -1, 12.44, 71.0, 1.28, 36
435.01, 100, -1, 12.45, 71.0, 1.28, 37
436.013, 100, -1, 12.45, 74.0, 1.29, 37
437.021, 101, -1, 12.46, 75.0, 1.29, 37
438.017, 99, -1, 12.44, 74.0, 1.29, 37
439.005, 98, -1, 12.44, 72.0, 1.30, 37
440.009, 101, -1, 12.46, 71.0, 1.30, 37
441.009, 101, -1, 12.46, 71.0, 1.30, 37
442.021, 101, -1, 12.45, 74.0, 1.31, 37
443.001, 103, -1, 12.47, 75.0, 1.31, 37
444.015, 100, -1, 12.45, 74.0, 1.31, 38
445.017, 101, -1, 12.46, 73.0, 1.32, 38
446.024, 103, -1, 12.47, 71.0, 1.32, 38
447.016, 101, -1, 12.45, 72.0, 1.33, 38
448.038, 100, -1, 12.45, 71.0, 1.33, 38
449.011, 101, -1, 12.46, 74.0, 1.33, 38
450.004, 99, -1, 12.45, 75.0, 1.34, 38
451.018, 99, -1, 12.44, 74.0, 1.34, 38
452.048, 98, -1, 12.44, 73.0, 1.34, 38
453.0, 100, -1, 12.45, 71.0, 1.35, 39
454.005, 101, -1, 12.46, 71.0, 1.35, 39
455.051, 102, -1, 12.46, 69.0, 1.35, 39
456.0, 100, -1, 12.45, 73.0, 1.36, 39
457.05, 98, -1, 12.44, 71.0, 1.36, 39
458.05, 99, -1, 12.45, 73.0, 1.36, 39
459.049, 102, -1, 12.47, 71.0, 1.37, 39
460.049, 103, -1, 12.47, 71.0, 1.37, 39
461.049, 103, -1, 12.47, 71.0, 1.37, 40
462.049, 99, -1, 12.44, 72.0, 1.38, 40
463.004, 99, -1, 12.44, 71.0, 1.38, 40
464.049, 100, -1, 12.45, 71.0, 1.38, 40
465.049, 98, -1, 12.44, 74.0, 1.39, 40
466.0, 100, -1, 12.45, 72.0, 1.39, 40
467.0, 101, -1, 12.46, 75.0, 1.39, 40
468.0, 99, -1, 12.45, 75.0, 1.40, 40
469.0, 100, -1, 12.45, 74.0, 1.40, 40
470.05, 101, -1, 12.46, 72.0, 1.40, 41
471.05, 105, -1, 12.49, 71.0, 1.41, 41
472.0, 103, -1, 12.47, 74.0, 1.41, 41
473.049, 103, -1, 12.47, 75.0, 1.42, 41
474.049, 105, -1, 12.48, 74.0, 1.42, 41
475.0, 102, -1, 12.47, 73.0, 1.42, 41
476.002, 98, -1, 12.44, 71.0, 1.43, 41
477.049, 100, -1, 12.45, 71.0, 1.43, 41
478.049, 101, -1, 12.46, 74.0, 1.43, 41
479.049, 103, -1, 12.47, 72.0, 1.44, 42
480.002, 102, -1, 12.46, 70.0, 1.44, 42
481.005, 100, -1, 12.45, 72.0, 1.44, 42
482.016, 97, -1, 12.43, 73.0, 1.45, 42
483.004, 95, -1, 11.86, 75.0, 1.45, 42
484.001, 92, -1, 11.84, 73.0, 1.45, 42
485.004, 0, -1, 10.58, 71.0, 1.46, 42
486.017, 67, -1, 9.98, 70.0, 1.46, 42
487.014, 86, -1, 11.24, 66.0, 1.46, 42
488.0, 96, -1, 11.86, 64.0, 1.46, 42
489.003, 104, -1, 12.48, 64.0, 1.47, 42
490.0, 113, -1, 13.09, 66.0, 1.47, 43
491.0, 116, -1, 13.11, 67.0, 1.48, 43
492.049, 115, -1, 13.10, 69.0, 1.48, 43
493.051, 106, -1, 12.49, 65.0, 1.48, 43
494.002, 109, -1, 13.06, 70.0, 1.49, 43
495.0, 112, -1, 13.08, 71.0, 1.49, 43
496.05, 106, -1, 13.05, 76.0, 1.49, 43
497.007, 106, -1, 12.49, 75.0, 1.50, 43
498.014, 108, -1, 13.06, 74.0, 1.50, 44
499.001, 108, -1, 13.06, 73.0, 1.50, 44
500.049, 103, -1, 12.47, 71.0, 1.51, 44
501.049, 108, -1, 13.06, 72.0, 1.51, 44
502.0, 111, -1, 13.08, 70.0, 1.52, 44
503.0, 110, -1, 13.07, 73.0, 1.52, 44
504.007, 109, -1, 13.07, 73.0, 1.52, 44
505.02, 104, -1, 12.48, 73.0, 1.53, 44
506.016, 106, -1, 12.49, 73.0, 1.53, 45
507.002, 100, -1, 12.45, 71.0, 1.53, 45
508.01, 99, -1, 12.44, 71.0, 1.54, 45
509.023, 101, -1, 12.46, 70.0, 1.54, 45
510.03, 109, -1, 13.07, 73.0, 1.54, 45
511.016, 104, -1, 12.48, 73.0, 1.55, 45
512.003, 96, -1, 11.87, 73.0, 1.55, 45
513.006, 99, -1, 12.44, 71.0, 1.55, 45
514.021, 102, -1, 12.46, 70.0, 1.56, 45
515.0, 102, -1, 12.46, 70.0, 1.56, 46
516.028, 101, -1, 12.46, 71.0, 1.56, 46
517.009, 101, -1, 12.46, 71.0, 1.57, 46
518.029, 108, -1, 13.06, 75.0, 1.57, 46
519.002, 110, -1, 13.07, 72.0, 1.57, 46
520.003, 109, -1, 13.06, 74.0, 1.58, 46
521.001, 105, -1, 12.48, 73.0, 1.58, 46
522.003, 109, -1, 13.07, 73.0, 1.59, 46
523.026, 108, -1, 13.06, 73.0, 1.59, 46
524.001, 110, -1, 13.07, 73.0, 1.59, 47
525.017, 112, -1, 13.08, 73.0, 1.60, 47
526.024, 106, -1, 13.05, 74.0, 1.60, 47
527.004, 107, -1, 13.05, 74.0, 1.60, 47
528.0, 103, -1, 12.47, 73.0, 1.61, 47
529.006, 103, -1, 12.47, 72.0, 1.61, 47
530.017, 109, -1, 13.06, 75.0, 1.61, 47
531.002, 108, -1, 13.06, 74.0, 1.62, 47
532.017, 109, -1, 13.06, 74.0, 1.62, 48
533.03, 110, -1, 13.07, 73.0, 1.63, 48
534.032, 110, -1, 13.07, 76.0, 1.63, 48
535.023, 107, -1, 13.05, 77.0, 1.63, 48
536.02, 104, -1, 12.47, 76.0, 1.64, 48
537.051, 106, -1, 13.05, 74.0, 1.64, 48
538.001, 108, -1, 13.06, 73.0, 1.64, 48
539.049, 105, -1, 12.48, 73.0, 1.65, 48
540.01, 108, -1, 13.06, 76.0, 1.65, 49
541.024, 110, -1, 13.07, 75.0, 1.65, 49
542.049, 106, -1, 13.05, 75.0, 1.66, 49
543.009, 107, -1, 13.05, 73.0, 1.66, 49
544.004, 106, -1, 12.49, 73.0, 1.66, 49
545.01, 107, -1, 13.05, 73.0, 1.67, 49
546.003, 107, -1, 13.06, 73.0, 1.67, 49
547.01, 108, -1, 13.06, 73.0, 1.68, 49
548.0, 106, -1, 12.49, 74.0, 1.68, 49
549.025, 107, -1, 13.06, 74.0, 1.68, 50
550.0, 109, -1, 13.07, 74.0, 1.69, 50
551.052, 112, -1, 13.08, 74.0, 1.69, 50
552.013, 111, -1, 13.08, 74.0, 1.69, 50
553.025, 107, -1, 13.06, 74.0, 1.70, 50
554.004, 108, -1, 13.06, 74.0, 1.70, 50
555.033, 107, -1, 13.05, 76.0, 1.70, 50
556.006, 105, -1, 12.48, 77.0, 1.71, 50
557.004, 105, -1, 12.48, 73.0, 1.71, 51
558.049, 104, -1, 12.48, 73.0, 1.71, 51
559.012, 107, -1, 13.05, 71.0, 1.72, 51
560.049, 108, -1, 13.06, 73.0, 1.72, 51
561.003, 105, -1, 12.48, 75.0, 1.73, 51
562.052, 107, -1, 13.05, 77.0, 1.73, 51
563.003, 112, -1, 13.09, 79.0, 1.73, 51
564.008, 109, -1, 13.07, 76.0, 1.74, 51
565.0, 107, -1, 13.06, 73.0, 1.74, 52
566.006, 108, -1, 13.06, 72.0, 1.74, 52
567.054, 106, -1, 13.05, 72.0, 1.75, 52
568.009, 103, -1, 12.47, 73.0, 1.75, 52
569.007, 106, -1, 12.49, 72.0, 1.75, 52
570.001, 108, -1, 13.06, 73.0, 1.76, 52
571.013, 107, -1, 13.05, 73.0, 1.76, 52
572.015, 114, -1, 13.09, 74.0, 1.76, 52
573.011, 111, -1, 13.08, 74.0, 1.77, 52
574.018, 112, -1, 13.08, 74.0, 1.77, 53
575.0, 109, -1, 13.06, 74.0, 1.78, 53
576.011, 113, -1, 13.09, 74.0, 1.78, 53
577.025, 109, -1, 13.07, 74.0, 1.78, 53
578.007, 110, -1, 13.07, 74.0, 1.79, 53
579.05, 109, -1, 13.06, 74.0, 1.79, 53
580.014, 106, -1, 12.49, 74.0, 1.79, 53
581.0, 106, -1, 13.05, 74.0, 1.80, 53
582.026, 109, -1, 13.06, 74.0, 1.80, 54
583.05, 104, -1, 12.48, 76.0, 1.80, 54
584.001, 104, -1, 12.48, 74.0, 1.81, 54
585.049, 102, -1, 12.47, 74.0, 1.81, 54
586.009, 106, -1, 12.49, 75.0, 1.81, 54
587.0, 108, -1, 13.06, 74.0, 1.82, 54
588.011, 107, -1, 13.05, 75.0, 1.82, 54
589.014, 107, -1, 13.06, 76.0, 1.83, 54
590.009, 107, -1, 13.05, 78.0, 1.83, 55
591.007, 107, -1, 13.05, 79.0, 1.83, 55
592.019, 111, -1, 13.08, 76.0, 1.84, 55
593.014, 106, -1, 13.05, 74.0, 1.84, 55
594.023, 103, -1, 12.47, 73.0, 1.84, 55
595.0, 102, -1, 12.46, 72.0, 1.85, 55
596.014, 104, -1, 12.47, 75.0, 1.85, 55
597.05, 106, -1, 12.49, 74.0, 1.85, 55
598.049, 106, -1, 12.49, 74.0, 1.86, 55
599.002, 107, -1, 13.05, 73.0, 1.86, 56
600.004, 110, -1, 13.07, 73.0, 1.86, 56
601.025, 110, -1, 13.07, 76.0, 1.87, 56
602.024, 108, -1, 13.06, 75.0, 1.87, 56
603.014, 110, -1, 13.07, 77.0, 1.88, 56
604.014, 131, -1, 14.31, 77.0, 1.88, 56
605.002, 133, -1, 14.32, 74.0, 1.88, 56
606.013, 132, -1, 14.32, 75.0, 1.89, 57
607.021, 128, -1, 14.30, 74.0, 1.89, 57
608.015, 124, -1, 13.71, 74.0, 1.90, 57
609.008, 126, -1, 13.72, 74.0, 1.90, 57
610.004, 126, -1, 13.72, 73.0, 1.90, 57
611.018, 126, -1, 13.72, 73.0, 1.91, 57
612.017, 125, -1, 13.72, 74.0, 1.91, 57
613.075, 121, -1, 13.70, 74.0, 1.91, 57
614.003, 126, -1, 13.72, 73.0, 1.92, 58
615.016, 125, -1, 13.72, 73.0, 1.92, 58
616.012, 127, -1, 13.73, 76.0, 1.93, 58
617.015, 127, -1, 13.73, 75.0, 1.93, 58
618.02, 129, -1, 14.30, 75.0, 1.93, 58
619.001, 126, -1, 13.72, 71.0, 1.94, 58
620.052, 127, -1, 13.73, 70.0, 1.94, 58
621.024, 127, -1, 13.73, 71.0, 1.95, 59
622.019, 127, -1, 13.73, 73.0, 1.95, 59
623.031, 126, -1, 13.72, 74.0, 1.95, 59
624.011, 125, -1, 13.72, 73.0, 1.96, 59
625.025, 126, -1, 13.72, 73.0, 1.96, 59
626.02, 130, -1, 14.31, 71.0, 1.96, 59
627.052, 128, -1, 14.29, 75.0, 1.97, 59
628.0, 124, -1, 13.71, 73.0, 1.97, 60
629.016, 127, -1, 13.73, 74.0, 1.98, 60
630.02, 128, -1, 14.29, 74.0, 1.98, 60
631.017, 129, -1, 14.30, 74.0, 1.98, 60
632.002, 135, -1, 14.33, 75.0, 1.99, 60
633.0, 127, -1, 13.73, 75.0, 1.99, 60
634.006, 127, -1, 13.73, 74.0, 2.00, 60
635.003, 127, -1, 13.73, 74.0, 2.00, 61
636.003, 130, -1, 14.30, 74.0, 2.00, 61
637.006, 129, -1, 14.30, 74.0, 2.01, 61
638.002, 129, -1, 14.30, 74.0, 2.01, 61
639.0, 124, -1, 13.71, 74.0, 2.01, 61
640.0, 122, -1, 13.70, 73.0, 2.02, 61
641.0, 124, -1, 13.71, 73.0, 2.02, 61
642.009, 126, -1, 13.72, 73.0, 2.03, 62
643.0, 127, -1, 13.73, 73.0, 2.03, 62
644.027, 128, -1, 14.29, 74.0, 2.03, 62
645.024, 126, -1, 13.72, 74.0, 2.04, 62
646.002, 127, -1, 13.73, 74.0, 2.04, 62
647.0, 127, -1, 13.73, 71.0, 2.05, 62
648.005, 126, -1, 13.72, 70.0, 2.05, 62
649.0, 125, -1, 13.72, 71.0, 2.05, 63
650.0, 123, -1, 13.71, 72.0, 2.06, 63
651.016, 123, -1, 13.71, 75.0, 2.06, 63
652.003, 127, -1, 13.73, 74.0, 2.06, 63
653.029, 128, -1, 14.29, 74.0, 2.07, 63
654.004, 129, -1, 14.30, 73.0, 2.07, 63
655.008, 128, -1, 14.30, 74.0, 2.08, 63
656.035, 129, -1, 14.30, 74.0, 2.08, 64
657.023, 128, -1, 14.29, 74.0, 2.08, 64
658.021, 129, -1, 14.30, 74.0, 2.09, 64
659.012, 125, -1, 13.72, 74.0, 2.09, 64
660.026, 127, -1, 13.73, 74.0, 2.10, 64
661.013, 127, -1, 13.73, 71.0, 2.10, 64
662.015, 127, -1, 13.73, 72.0, 2.10, 64
663.028, 127, -1, 13.73, 72.0, 2.11, 65
664.026, 128, -1, 14.29, 74.0, 2.11, 65
665.019, 125, -1, 13.72, 74.0, 2.12, 65
666.036, 127, -1, 13.73, 73.0, 2.12, 65
667.008, 125, -1, 13.72, 73.0, 2.12, 65
668.003, 128, -1, 13.73, 76.0, 2.13, 65
669.01, 125, -1, 13.72, 75.0, 2.13, 65
670.01, 125, -1, 13.72, 75.0, 2.13, 66
671.027, 124, -1, 13.71, 73.0, 2.14, 66
672.025, 130, -1, 14.30, 73.0, 2.14, 66
673.027, 126, -1, 13.73, 76.0, 2.15, 66
674.026, 130, -1, 14.30, 76.0, 2.15, 66
675.008, 128, -1, 14.30, 76.0, 2.15, 66
676.027, 131, -1, 14.31, 74.0, 2.16, 66
677.015, 127, -1, 13.73, 74.0, 2.16, 67
678.034, 126, -1, 13.72, 74.0, 2.17, 67
679.012, 124, -1, 13.71, 74.0, 2.17, 67
680.039, 126, -1, 13.72, 74.0, 2.17, 67
681.026, 130, -1, 14.31, 74.0, 2.18, 67
682.03, 127, -1, 13.73, 74.0, 2.18, 67
683.005, 128, -1, 13.73, 74.0, 2.18, 67
684.031, 123, -1, 13.71, 74.0, 2.19, 68
685.038, 125, -1, 13.72, 74.0, 2.19, 68
686.029, 126, -1, 13.72, 74.0, 2.20, 68
687.037, 127, -1, 13.73, 74.0, 2.20, 68
688.015, 127, -1, 13.73, 74.0, 2.20, 68
689.029, 124, -1, 13.71, 74.0, 2.21, 68
690.011, 126, -1, 13.73, 74.0, 2.21, 68
691.0, 129, -1, 14.30, 74.0, 2.22, 69
692.019, 126, -1, 13.72, 71.0, 2.22, 69
693.018, 128, -1, 14.29, 73.0, 2.22, 69
694.007, 130, -1, 14.30, 73.0, 2.23, 69
695.001, 129, -1, 14.30, 74.0, 2.23, 69
696.028, 124, -1, 13.71, 76.0, 2.23, 69
697.003, 127, -1, 13.73, 75.0, 2.24, 69
698.006, 125, -1, 13.72, 73.0, 2.24, 69
699.005, 127, -1, 13.73, 75.0, 2.25, 70
700.007, 124, -1, 13.71, 74.0, 2.25, 70
701.027, 131, -1, 14.31, 73.0, 2.25, 70
702.002, 128, -1, 13.73, 70.0, 2.26, 70
703.02, 126, -1, 13.72, 71.0, 2.26, 70
704.025, 131, -1, 14.31, 73.0, 2.27, 70
705.024, 128, -1, 14.29, 74.0, 2.27, 70
706.035, 129, -1, 14.30, 77.0, 2.27, 71
707.006, 127, -1, 13.73, 75.0, 2.28, 71
708.012, 121, -1, 13.69, 75.0, 2.28, 71
709.02, 124, -1, 13.71, 73.0, 2.29, 71
710.039, 127, -1, 13.73, 73.0, 2.29, 71
711.038, 125, -1, 13.72, 73.0, 2.29, 71
712.024, 128, -1, 13.73, 74.0, 2.30, 71
713.008, 131, -1, 14.31, 77.0, 2.30, 72
714.032, 128, -1, 14.29, 76.0, 2.30, 72
715.002, 130, -1, 14.30, 76.0, 2.31, 72
716.007, 129, -1, 14.30, 74.0, 2.31, 72
717.004, 131, -1, 14.31, 74.0, 2.32, 72
718.0, 133, -1, 14.32, 74.0, 2.32, 72
719.014, 126, -1, 13.72, 74.0, 2.32, 72
720.01, 127, -1, 13.73, 74.0, 2.33, 73
721.003, 126, -1, 13.72, 72.0, 2.33, 73
722.001, 114, -1, 13.10, 70.0, 2.34, 73
723.006, 107, -1, 13.05, 68.0, 2.34, 73
724.006, 105, -1, 12.48, 68.0, 2.34, 73
725.007, 102, -1, 12.46, 70.0, 2.35, 73
726.038, 102, -1, 12.46, 71.0, 2.35, 73
727.052, 111, -1, 13.08, 72.0, 2.35, 73
728.001, 114, -1, 13.09, 74.0, 2.36, 74
729.017, 108, -1, 13.06, 77.0, 2.36, 74
730.003, 111, -1, 13.08, 76.0, 2.36, 74
731.026, 106, -1, 13.05, 73.0, 2.37, 74
732.023, 107, -1, 13.05, 75.0, 2.37, 74
733.05, 112, -1, 13.08, 74.0, 2.38, 74
734.031, 108, -1, 13.06, 75.0, 2.38, 74
735.04, 108, -1, 13.06, 74.0, 2.38, 74
736.009, 109, -1, 13.06, 74.0, 2.39, 75
737.036, 102, -1, 12.46, 73.0, 2.39, 75
738.019, 103, -1, 12.47, 73.0, 2.39, 75
739.02, 106, -1, 13.05, 73.0, 2.40, 75
740.019, 108, -1, 13.06, 73.0, 2.40, 75
741.029, 109, -1, 13.06, 73.0, 2.40, 75
742.027, 110, -1, 13.07, 76.0, 2.41, 75
743.038, 112, -1, 13.09, 75.0, 2.41, 75
744.0, 107, -1, 13.05, 75.0, 2.41, 76
745.03, 109, -1, 13.07, 74.0, 2.42, 76
746.024, 108, -1, 13.06, 74.0, 2.42, 76
747.007, 108, -1, 13.06, 74.0, 2.43, 76
748.031, 110, -1, 13.07, 74.0, 2.43, 76
749.002, 107, -1, 13.06, 74.0, 2.43, 76
750.04, 106, -1, 12.49, 76.0, 2.44, 76
751.033, 103, -1, 12.47, 74.0, 2.44, 76
752.013, 104, -1, 12.48, 77.0, 2.44, 76
753.016, 105, -1, 12.48, 74.0, 2.45, 77
754.02, 104, -1, 12.48, 74.0, 2.45, 77
755.016, 106, -1, 12.49, 72.0, 2.45, 77
756.004, 106, -1, 12.49, 70.0, 2.46, 77
757.041, 109, -1, 13.07, 72.0, 2.46, 77
758.006, 112, -1, 13.08, 72.0, 2.46, 77
759.034, 106, -1, 12.49, 74.0, 2.47, 77
760.04, 103, -1, 12.47, 76.0, 2.47, 77
761.024, 110, -1, 13.07, 74.0, 2.47, 78
762.028, 105, -1, 12.48, 74.0, 2.48, 78
763.015, 105, -1, 12.48, 73.0, 2.48, 78
764.028, 105, -1, 12.48, 73.0, 2.49, 78
765.021, 108, -1, 13.06, 73.0, 2.49, 78
766.002, 112, -1, 13.09, 76.0, 2.49, 78
767.015, 109, -1, 13.07, 76.0, 2.50, 78
768.011, 106, -1, 13.05, 75.0, 2.50, 78
769.036, 106, -1, 12.49, 73.0, 2.50, 79
770.029, 106, -1, 13.05, 73.0, 2.51, 79
771.019, 109, -1, 13.07, 76.0, 2.51, 79
772.008, 107, -1, 13.05, 75.0, 2.51, 79
773.037, 107, -1, 13.05, 75.0, 2.52, 79
774.016, 108, -1, 13.06, 74.0, 2.52, 79
775.033, 107, -1, 13.06, 76.0, 2.52, 79
776.013, 108, -1, 13.06, 77.0, 2.53, 79
777.005, 106, -1, 13.05, 79.0, 2.53, 79
778.02, 105, -1, 12.48, 74.0, 2.54, 80
779.019, 102, -1, 12.46, 73.0, 2.54, 80
780.018, 108, -1, 13.06, 72.0, 2.54, 80
781.024, 111, -1, 13.08, 73.0, 2.55, 80
782.035, 101, -1, 12.46, 73.0, 2.55, 80
783.005, 109, -1, 13.06, 80.0, 2.55, 80
784.01, 108, -1, 13.06, 77.0, 2.56, 80
785.01, 105, -1, 12.48, 76.0, 2.56, 80
786.007, 105, -1, 12.48, 72.0, 2.56, 81
787.005, 104, -1, 12.48, 72.0, 2.57, 81
788.035, 103, -1, 12.47, 70.0, 2.57, 81
789.017, 104, -1, 12.47, 77.0, 2.57, 81
790.046, 108, -1, 13.06, 77.0, 2.58, 81
791.045, 108, -1, 13.06, 80.0, 2.58, 81
792.035, 106, -1, 13.05, 76.0, 2.59, 81
793.035, 108, -1, 13.06, 75.0, 2.59, 81
794.03, 109, -1, 13.06, 74.0, 2.59, 81
795.042, 109, -1, 13.07, 74.0, 2.60, 82
796.04, 106, -1, 12.49, 74.0, 2.60, 82
797.015, 110, -1, 13.07, 73.0, 2.60, 82
798.039, 110, -1, 13.07, 76.0, 2.61, 82
799.022, 108, -1, 13.06, 73.0, 2.61, 82
800.02, 108, -1, 13.06, 76.0, 2.61, 82
801.045, 111, -1, 13.08, 74.0, 2.62, 82
802.031, 107, -1, 13.05, 75.0, 2.62, 82
803.052, 107, -1, 13.06, 74.0, 2.63, 83
804.007, 107, -1, 13.05, 74.0, 2.63, 83
805.009, 109, -1, 13.07, 74.0, 2.63, 83
806.004, 107, -1, 13.05, 74.0, 2.64, 83
807.004, 105, -1, 12.48, 71.0, 2.64, 83
808.0, 109, -1, 13.06, 70.0, 2.64, 83
809.003, 106, -1, 12.49, 74.0, 2.65, 83
810.029, 108, -1, 13.06, 74.0, 2.65, 83
811.004, 110, -1, 13.07, 75.0, 2.65, 84
812.017, 108, -1, 13.06, 71.0, 2.66, 84
813.018, 108, -1, 13.06, 73.0, 2.66, 84
814.013, 107, -1, 13.05, 70.0, 2.66, 84
815.035, 103, -1, 12.47, 74.0, 2.67, 84
816.041, 107, -1, 13.06, 73.0, 2.67, 84
817.011, 106, -1, 12.49, 74.0, 2.68, 84
818.005, 104, -1, 12.48, 73.0, 2.68, 84
819.008, 107, -1, 13.05, 75.0, 2.68, 84
820.02, 112, -1, 13.08, 75.0, 2.69, 85
821.05, 112, -1, 13.08, 75.0, 2.69, 85
822.019, 114, -1, 13.10, 78.0, 2.69, 85
823.009, 112, -1, 13.09, 76.0, 2.70, 85
824.03, 109, -1, 13.07, 74.0, 2.70, 85
825.023, 105, -1, 12.48, 75.0, 2.70, 85
826.033, 103, -1, 12.47, 76.0, 2.71, 85
827.006, 104, -1, 12.48, 78.0, 2.71, 85
828.024, 105, -1, 12.48, 75.0, 2.71, 86
829.035, 107, -1, 13.05, 73.0, 2.72, 86
830.019, 108, -1, 13.06, 72.0, 2.72, 86
831.013, 111, -1, 13.08, 73.0, 2.73, 86
832.028, 112, -1, 13.08, 74.0, 2.73, 86
833.005, 111, -1, 13.08, 74.0, 2.73, 86
834.015, 106, -1, 12.49, 74.0, 2.74, 86
835.046, 107, -1, 13.06, 73.0, 2.74, 86
836.008, 103, -1, 12.47, 75.0, 2.74, 87
837.009, 102, -1, 12.46, 76.0, 2.75, 87
838.018, 107, -1, 13.05, 75.0, 2.75, 87
839.01, 103, -1, 12.47, 74.0, 2.75, 87
840.048, 103, -1, 12.47, 73.0, 2.76, 87
841.039, 105, -1, 12.48, 73.0, 2.76, 87
842.012, 108, -1, 13.06, 73.0, 2.76, 87
843.015, 108, -1, 13.06, 73.0, 2.77, 87
844.005, 107, -1, 13.05, 73.0, 2.77, 87
845.023, 111, -1, 13.08, 69.0, 2.78, 88
846.04, 121, -1, 13.69, 74.0, 2.78, 88
847.006, 126, -1, 13.72, 73.0, 2.78, 88
848.005, 133, -1, 14.32, 76.0, 2.79, 88
849.033, 135, -1, 14.33, 74.0, 2.79, 88
850.0, 129, -1, 14.30, 75.0, 2.79, 88
851.001, 125, -1, 13.72, 74.0, 2.80, 88
852.028, 126, -1, 13.72, 74.0, 2.80, 89
853.004, 128, -1, 14.29, 74.0, 2.81, 89
854.021, 131, -1, 14.31, 74.0, 2.81, 89
855.022, 128, -1, 14.29, 74.0, 2.81, 89
856.007, 126, -1, 13.72, 74.0, 2.82, 89
857.012, 125, -1, 13.72, 74.0, 2.82, 89
858.001, 125, -1, 13.72, 76.0, 2.83, 89
859.034, 128, -1, 14.29, 72.0, 2.83, 90
860.002, 126, -1, 13.72, 74.0, 2.83, 90
861.013, 127, -1, 13.73, 73.0, 2.84, 90
862.048, 126, -1, 13.72, 74.0, 2.84, 90
863.023, 126, -1, 13.72, 76.0, 2.84, 90
864.018, 125, -1, 13.72, 75.0, 2.85, 90
865.003, 125, -1, 13.72, 75.0, 2.85, 90
866.012, 125, -1, 13.72, 73.0, 2.86, 91
867.013, 127, -1, 13.73, 73.0, 2.86, 91
868.02, 124, -1, 13.71, 71.0, 2.86, 91
869.017, 127, -1, 13.73, 73.0, 2.87, 91
870.014, 133, -1, 14.32, 73.0, 2.87, 91
871.015, 128, -1, 13.73, 74.0, 2.88, 91
872.023, 125, -1, 13.72, 74.0, 2.88, 91
873.033, 124, -1, 13.71, 74.0, 2.88, 92
874.02, 125, -1, 13.72, 76.0, 2.89, 92
875.019, 124, -1, 13.71, 72.0, 2.89, 92
876.007, 126, -1, 13.72, 74.0, 2.89, 92
877.007, 125, -1, 13.72, 72.0, 2.90, 92
878.018, 124, -1, 13.71, 73.0, 2.90, 92
879.009, 127, -1, 13.73, 73.0, 2.91, 92
880.01, 128, -1, 14.29, 74.0, 2.91, 93
881.014, 132, -1, 14.32, 74.0, 2.91, 93
882.008, 127, -1, 13.73, 72.0, 2.92, 93
883.002, 130, -1, 14.31, 73.0, 2.92, 93
884.003, 131, -1, 14.31, 71.0, 2.93, 93
885.039, 126, -1, 13.72, 73.0, 2.93, 93
886.009, 126, -1, 13.72, 73.0, 2.93, 93
887.042, 124, -1, 13.71, 76.0, 2.94, 94
888.022, 120, -1, 13.69, 76.0, 2.94, 94
889.04, 123, -1, 13.71, 75.0, 2.94, 94
890.011, 130, -1, 14.30, 74.0, 2.95, 94
891.011, 129, -1, 14.30, 76.0, 2.95, 94
892.043, 128, -1, 13.73, 78.0, 2.96, 94
893.01, 133, -1, 14.32, 75.0, 2.96, 94
894.028, 127, -1, 13.73, 73.0, 2.96, 95
895.019, 121, -1, 13.70, 70.0, 2.97, 95
896.0, 123, -1, 13.70, 71.0, 2.97, 95
897.002, 121, -1, 13.69, 72.0, 2.98, 95
898.032, 126, -1, 13.72, 73.0, 2.98, 95
899.015, 133, -1, 14.32, 76.0, 2.98, 95
900.045, 132, -1, 14.31, 73.0, 2.99, 95
901.025, 127, -1, 13.73, 74.0, 2.99, 96
902.032, 130, -1, 14.31, 76.0, 3.00, 96
903.023, 131, -1, 14.31, 76.0, 3.00, 96
904.038, 128, -1, 13.73, 76.0, 3.00, 96
905.031, 126, -1, 13.72, 74.0, 3.01, 96
906.012, 128, -1, 14.29, 74.0, 3.01, 96
907.013, 132, -1, 14.32, 72.0, 3.01, 96
908.009, 133, -1, 14.32, 74.0, 3.02, 97
909.043, 129, -1, 14.30, 74.0, 3.02, 97
910.029, 124, -1, 13.71, 75.0, 3.03, 97
911.035, 121, -1, 13.69, 72.0, 3.03, 97
912.016, 124, -1, 13.71, 72.0, 3.03, 97
913.044, 127, -1, 13.73, 70.0, 3.04, 97
914.02, 126, -1, 13.72, 72.0, 3.04, 97
915.018, 124, -1, 13.71, 72.0, 3.05, 97
916.017, 124, -1, 13.71, 73.0, 3.05, 98
917.049, 126, -1, 13.72, 73.0, 3.05, 98
918.027, 123, -1, 13.71, 71.0, 3.06, 98
919.047, 123, -1, 13.71, 72.0, 3.06, 98
920.034, 121, -1, 13.70, 74.0, 3.06, 98
921.021, 127, -1, 13.73, 74.0, 3.07, 98
922.03, 128, -1, 14.30, 75.0, 3.07, 98
923.014, 125, -1, 13.72, 72.0, 3.08, 99
924.019, 127, -1, 13.73, 73.0, 3.08, 99
925.011, 124, -1, 13.71, 73.0, 3.08, 99
926.008, 125, -1, 13.72, 73.0, 3.09, 99
927.022, 125, -1, 13.72, 73.0, 3.09, 99
928.021, 136, -1, 14.34, 74.0, 3.10, 99
929.014, 129, -1, 14.30, 74.0, 3.10, 99
930.052, 127, -1, 13.73, 72.0, 3.10, 100
931.02, 128, -1, 14.29, 73.0, 3.11, 100
932.013, 125, -1, 13.72, 73.0, 3.11, 100
933.058, 126, -1, 13.72, 74.0, 3.11, 100
934.012, 128, -1, 14.29, 74.0, 3.12, 100
935.023, 129, -1, 14.30, 74.0, 3.12, 100
936.013, 127, -1, 13.73, 74.0, 3.13, 100
937.075, 132, -1, 14.32, 74.0, 3.13, 101
938.072, 130, -1, 14.30, 73.0, 3.13, 101
939.007, 125, -1, 13.72, 72.0, 3.14, 101
940.011, 122, -1, 13.70, 69.0, 3.14, 101
941.011, 119, -1, 13.69, 71.0, 3.15, 101
942.001, 124, -1, 13.71, 71.0, 3.15, 101
943.018, 124, -1, 13.71, 73.0, 3.15, 101
944.012, 128, -1, 14.30, 74.0, 3.16, 102
945.029, 128, -1, 13.73, 74.0, 3.16, 102
946.031, 130, -1, 14.31, 74.0, 3.17, 102
947.048, 127, -1, 13.73, 74.0, 3.17, 102
948.015, 127, -1, 13.73, 74.0, 3.17, 102
949.026, 122, -1, 13.70, 74.0, 3.18, 102
950.008, 122, -1, 13.70, 74.0, 3.18, 102
951.007, 125, -1, 13.72, 74.0, 3.18, 103
952.016, 125, -1, 13.72, 76.0, 3.19, 103
953.034, 122, -1, 13.70, 74.0, 3.19, 103
954.038, 126, -1, 13.72, 74.0, 3.20, 103
955.043, 127, -1, 13.73, 73.0, 3.20, 103
956.008, 125, -1, 13.72, 71.0, 3.20, 103
957.011, 124, -1, 13.71, 72.0, 3.21, 103
958.026, 128, -1, 14.30, 70.0, 3.21, 104
959.02, 128, -1, 14.29, 73.0, 3.22, 104
960.006, 127, -1, 13.73, 73.0, 3.22, 104
961.025, 131, -1, 14.31, 72.0, 3.22, 104
962.014, 128, -1, 14.29, 71.0, 3.23, 104
963.016, 126, -1, 13.72, 72.0, 3.23, 104
964.01, 125, -1, 13.72, 73.0, 3.23, 104
965.017, 130, -1, 14.30, 74.0, 3.24, 105
966.022, 127, -1, 13.73, 74.0, 3.24, 105
967.059, 121, -1, 13.70, 74.0, 3.25, 105
968.042, 112, -1, 13.09, 71.0, 3.25, 105
969.026, 102, -1, 12.46, 72.0, 3.25, 105
970.01, 99, -1, 12.44, 71.0, 3.26, 105
971.02, 0, -1, 11.21, 0.0, 3.26, 105
972.028, 89, -1, 11.82, 68.0, 3.26, 105
973.01, 88, -1, 11.81, 65.0, 3.27, 105
974.007, 93, -1, 11.85, 67.0, 3.27, 105
975.003, 100, -1, 12.45, 69.0, 3.27, 106
976.01, 100, -1, 12.45, 71.0, 3.28, 106
977.013, 101, -1, 12.46, 71.0, 3.28, 106
978.007, 101, -1, 12.46, 71.0, 3.28, 106
979.013, 109, -1, 13.07, 70.0, 3.29, 106
980.02, 103, -1, 12.47, 71.0, 3.29, 106
981.014, 98, -1, 12.44, 71.0, 3.29, 106
982.019, 96, -1, 11.87, 71.0, 3.30, 106
983.013, 97, -1, 12.43, 71.0, 3.30, 106
984.021, 105, -1, 12.48, 71.0, 3.30, 107
985.063, 100, -1, 12.45, 74.0, 3.31, 107
986.028, 96, -1, 12.43, 72.0, 3.31, 107
987.015, 98, -1, 12.44, 74.0, 3.31, 107
988.007, 97, -1, 12.43, 71.0, 3.32, 107
989.022, 103, -1, 12.47, 72.0, 3.32, 107
990.047, 103, -1, 12.47, 72.0, 3.33, 107
991.027, 103, -1, 12.47, 72.0, 3.33, 107
992.009, 103, -1, 12.47, 72.0, 3.33, 107
993.021, 104, -1, 12.48, 74.0, 3.34, 108
994.017, 103, -1, 12.47, 73.0, 3.34, 108
995.009, 103, -1, 12.47, 73.0, 3.34, 108
996.034, 102, -1, 12.46, 72.0, 3.35, 108
997.014, 102, -1, 12.46, 74.0, 3.35, 108
998.033, 100, -1, 12.45, 73.0, 3.35, 108
999.033, 100, -1, 12.45, 73.0, 3.36, 108
1000.021, 102, -1, 12.47, 71.0, 3.36, 108
1001.03, 101, -1, 12.46, 69.0, 3.36, 108
1002.019, 97, -1, 12.43, 70.0, 3.37, 109
1003.005, 97, -1, 12.43, 69.0, 3.37, 109
1004.004, 96, -1, 11.86, 70.0, 3.37, 109
1005.004, 98, -1, 12.44, 70.0, 3.38, 109
1006.002, 102, -1, 12.46, 71.0, 3.38, 109
1007.021, 103, -1, 12.47, 71.0, 3.38, 109
1008.032, 101, -1, 12.46, 72.0, 3.39, 109
1009.011, 103, -1, 12.47, 74.0, 3.39, 109
1010.027, 100, -1, 12.45, 73.0, 3.39, 109
1011.03, 100, -1, 12.45, 75.0, 3.40, 110
1012.028, 103, -1, 12.47, 70.0, 3.40, 110
1013.039, 103, -1, 12.47, 74.0, 3.40, 110
1014.032, 107, -1, 13.05, 72.0, 3.41, 110
1015.027, 101, -1, 12.46, 73.0, 3.41, 110
1016.04, 98, -1, 12.43, 71.0, 3.42, 110
1017.035, 99, -1, 12.44, 73.0, 3.42, 110
1018.047, 99, -1, 12.44, 74.0, 3.42, 110
1019.041, 102, -1, 12.47, 75.0, 3.43, 111
1020.034, 103, -1, 12.47, 74.0, 3.43, 111
1021.046, 101, -1, 12.46, 75.0, 3.43, 111
1022.023, 101, -1, 12.46, 73.0, 3.44, 111
1023.017, 101, -1, 12.46, 73.0, 3.44, 111
1024.032, 101, -1, 12.45, 72.0, 3.44, 111
1025.048, 101, -1, 12.46, 72.0, 3.45, 111
1026.041, 102, -1, 12.46, 72.0, 3.45, 111
1027.014, 98, -1, 12.44, 74.0, 3.45, 111
1028.04, 99, -1, 12.44, 72.0, 3.46, 112
1029.022, 98, -1, 12.44, 72.0, 3.46, 112
1030.032, 102, -1, 12.46, 71.0, 3.46, 112
1031.038, 99, -1, 12.44, 71.0, 3.47, 112
1032.019, 100, -1, 12.45, 74.0, 3.47, 112
1033.008, 101, -1, 12.45, 72.0, 3.47, 112
1034.062, 102, -1, 12.47, 75.0, 3.48, 112
1035.03, 103, -1, 12.47, 73.0, 3.48, 112
1036.035, 104, -1, 12.48, 73.0, 3.48, 112
1037.031, 102, -1, 12.46, 72.0, 3.49, 113
1038.043, 102, -1, 12.46, 71.0, 3.49, 113
1039.022, 97, -1, 12.43, 71.0, 3.49, 113
1040.021, 97, -1, 12.43, 71.0, 3.50, 113
1041.01, 100, -1, 12.45, 70.0, 3.50, 113
1042.007, 99, -1, 12.44, 72.0, 3.51, 113
1043.06, 102, -1, 12.46, 71.0, 3.51, 113
1044.017, 99, -1, 12.45, 72.0, 3.51, 113
1045.033, 102, -1, 12.47, 71.0, 3.52, 113
1046.028, 102, -1, 12.46, 72.0, 3.52, 114
1047.049, 100, -1, 12.45, 71.0, 3.52, 114
1048.002, 103, -1, 12.47, 72.0, 3.53, 114
1049.022, 100, -1, 12.45, 74.0, 3.53, 114
1050.002, 97, -1, 12.43, 73.0, 3.53, 114
1051.03, 99, -1, 12.44, 75.0, 3.54, 114
1052.018, 96, -1, 11.87, 72.0, 3.54, 114
1053.022, 97, -1, 12.43, 71.0, 3.54, 114
1054.088, 104, -1, 12.48, 71.0, 3.55, 114
1055.022, 107, -1, 13.05, 74.0, 3.55, 115
1056.051, 99, -1, 12.45, 74.0, 3.55, 115
1057.014, 101, -1, 12.45, 73.0, 3.56, 115
1058.035, 101, -1, 12.46, 71.0, 3.56, 115
1059.023, 99, -1, 12.45, 71.0, 3.56, 115
1060.019, 101, -1, 12.46, 71.0, 3.57, 115
1061.014, 103, -1, 12.47, 68.0, 3.57, 115
1062.029, 103, -1, 12.47, 70.0, 3.57, 115
1063.05, 101, -1, 12.46, 70.0, 3.58, 115
1064.028, 99, -1, 12.44, 74.0, 3.58, 116
1065.005, 102, -1, 12.46, 75.0, 3.58, 116
1066.034, 101, -1, 12.46, 76.0, 3.59, 116
1067.069, 101, -1, 12.45, 76.0, 3.59, 116
1068.041, 104, -1, 12.48, 74.0, 3.59, 116
1069.02, 107, -1, 13.05, 74.0, 3.60, 116
1070.048, 103, -1, 12.47, 73.0, 3.60, 116
1071.038, 97, -1, 12.43, 73.0, 3.61, 116
1072.012, 93, -1, 11.85, 74.0, 3.61, 116
1073.01, 102, -1, 12.46, 72.0, 3.61, 117
1074.008, 106, -1, 12.49, 72.0, 3.62, 117
1075.026, 104, -1, 12.47, 72.0, 3.62, 117
1076.054, 103, -1, 12.47, 72.0, 3.62, 117
1077.013, 100, -1, 12.45, 71.0, 3.63, 117
1078.031, 100, -1, 12.45, 71.0, 3.63, 117
1079.012, 100, -1, 12.45, 71.0, 3.63, 117
1080.052, 101, -1, 12.46, 71.0, 3.64, 117
1081.048, 103, -1, 12.47, 71.0, 3.64, 117
1082.009, 101, -1, 12.46, 72.0, 3.64, 118
1083.014, 99, -1, 12.45, 71.0, 3.65, 118
1084.03, 98, -1, 12.44, 71.0, 3.65, 118
1085.047, 98, -1, 12.44, 70.0, 3.65, 118
1086.004, 97, -1, 12.43, 70.0, 3.66, 118
1087.037, 98, -1, 12.44, 71.0, 3.66, 118
1088.014, 89, -1, 11.82, 73.0, 3.66, 118
1089.04, 91, -1, 11.83, 72.0, 3.67, 118
1090.005, 90, -1, 11.82, 70.0, 3.67, 118
1091.004, 90, -1, 11.82, 71.0, 3.67, 119
1092.032, 91, -1, 11.83, 71.0, 3.68, 119
1093.007, 95, -1, 11.86, 73.0, 3.68, 119
1094.068, 92, -1, 11.84, 73.0, 3.68, 119
1095.016, 91, -1, 11.83, 73.0, 3.69, 119
1096.049, 91, -1, 11.83, 73.0, 3.69, 119
1097.051, 92, -1, 11.84, 73.0, 3.69, 119
1098.012, 91, -1, 11.83, 73.0, 3.70, 119
1099.004, 90, -1, 11.83, 70.0, 3.70, 119
1100.032, 93, -1, 11.84, 71.0, 3.70, 119
1101.018, 90, -1, 11.83, 71.0, 3.71, 120
1102.014, 91, -1, 11.83, 72.0, 3.71, 120
1103.018, 91, -1, 11.83, 72.0, 3.71, 120
1104.058, 93, -1, 11.85, 73.0, 3.72, 120
1105.014, 91, -1, 11.83, 73.0, 3.72, 120
1106.01, 93, -1, 11.84, 74.0, 3.72, 120
1107.042, 94, -1, 11.85, 74.0, 3.73, 120
1108.012, 92, -1, 11.84, 74.0, 3.73, 120
1109.04, 95, -1, 11.86, 74.0, 3.73, 120
1110.02, 97, -1, 12.43, 74.0, 3.74, 120
1111.028, 94, -1, 11.85, 74.0, 3.74, 121
1112.014, 90, -1, 11.83, 74.0, 3.74, 121
1113.046, 95, -1, 11.86, 74.0, 3.75, 121
1114.041, 93, -1, 11.85, 74.0, 3.75, 121
1115.003, 87, -1, 11.24, 73.0, 3.75, 121
1116.044, 91, -1, 11.83, 73.0, 3.76, 121
1117.04, 91, -1, 11.83, 73.0, 3.76, 121
1118.022, 92, -1, 11.84, 73.0, 3.76, 121
1119.003, 91, -1, 11.83, 73.0, 3.77, 121
1120.031, 92, -1, 11.84, 73.0, 3.77, 122
1121.062, 90, -1, 11.82, 73.0, 3.77, 122
1122.003, 90, -1, 11.83, 73.0, 3.78, 122
1123.005, 92, -1, 11.84, 73.0, 3.78, 122
1124.002, 93, -1, 11.85, 73.0, 3.78, 122
1125.021, 88, -1, 11.81, 73.0, 3.79, 122
1126.02, 91, -1, 11.83, 73.0, 3.79, 122
1127.021, 92, -1, 11.84, 73.0, 3.79, 122
1128.039, 88, -1, 11.81, 73.0, 3.80, 122
1129.05, 88, -1, 11.81, 72.0, 3.80, 122
1130.017, 89, -1, 11.82, 72.0, 3.80, 123
1131.032, 91, -1, 11.83, 72.0, 3.81, 123
1132.0, 93, -1, 11.84, 73.0, 3.81, 123
1133.015, 94, -1, 11.85, 73.0, 3.81, 123
1134.035, 95, -1, 11.86, 74.0, 3.82, 123
1135.002, 93, -1, 11.85, 74.0, 3.82, 123
1136.053, 93, -1, 11.85, 74.0, 3.82, 123
1137.036, 94, -1, 11.85, 74.0, 3.82, 123
1138.002, 91, -1, 11.83, 74.0, 3.83, 123
1139.052, 94, -1, 11.85, 73.0, 3.83, 123
1140.002, 92, -1, 11.84, 71.0, 3.83, 124
1141.048, 90, -1, 11.82, 72.0, 3.84, 124
1142.023, 93, -1, 11.85, 73.0, 3.84, 124
1143.046, 94, -1, 11.86, 75.0, 3.84, 124
1144.014, 93, -1, 11.84, 74.0, 3.85, 124
1145.043, 94, -1, 11.85, 74.0, 3.85, 124
1146.001, 92, -1, 11.84, 74.0, 3.85, 124
1147.005, 90, -1, 11.83, 71.0, 3.86, 124
1148.059, 89, -1, 11.82, 69.0, 3.86, 124
1149.007, 85, -1, 11.23, 69.0, 3.86, 124
1150.007, 83, -1, 11.22, 70.0, 3.87, 125
1151.049, 87, -1, 11.24, 70.0, 3.87, 125
1152.019, 91, -1, 11.83, 71.0, 3.87, 125
1153.01, 92, -1, 11.84, 72.0, 3.88, 125
1154.082, 94, -1, 11.85, 73.0, 3.88, 125
1155.051, 93, -1, 11.84, 74.0, 3.88, 125
1156.039, 92, -1, 11.84, 74.0, 3.89, 125
1157.006, 89, -1, 11.82, 71.0, 3.89, 125
1158.065, 90, -1, 11.83, 71.0, 3.89, 125
1159.039, 90, -1, 11.83, 72.0, 3.90, 125
1160.002, 93, -1, 11.84, 73.0, 3.90, 126
1161.068, 95, -1, 11.86, 71.0, 3.90, 126
1162.023, 89, -1, 11.82, 75.0, 3.91, 126
1163.062, 88, -1, 11.81, 71.0, 3.91, 126
1164.022, 92, -1, 11.84, 73.0, 3.91, 126
1165.046, 105, -1, 12.48, 74.0, 3.92, 126
1166.078, 117, -1, 13.67, 76.0, 3.92, 126
1167.001, 113, -1, 13.09, 79.0, 3.92, 126
1168.012, 95, -1, 11.86, 80.0, 3.93, 126
1169.017, 84, -1, 11.22, 76.0, 3.93, 127
1170.063, 80, -1, 11.20, 74.0, 3.93, 127
1171.031, 84, -1, 11.22, 68.0, 3.94, 127
1172.016, 94, -1, 11.85, 68.0, 3.94, 127
1173.001, 92, -1, 11.84, 70.0, 3.94, 127
1174.025, 90, -1, 11.83, 72.0, 3.95, 127
1175.029, 91, -1, 11.83, 74.0, 3.95, 127
1176.001, 94, -1, 11.85, 77.0, 3.95, 127
1177.014, 94, -1, 11.85, 75.0, 3.96, 127
1178.034, 96, -1, 11.87, 75.0, 3.96, 127
1179.023, 96, -1, 11.87, 74.0, 3.96, 128
1180.024, 94, -1, 11.85, 75.0, 3.97, 128
1181.044, 92, -1, 11.84, 74.0, 3.97, 128
1182.006, 94, -1, 11.85, 74.0, 3.97, 128
1183.068, 90, -1, 11.82, 74.0, 3.98, 128
1184.061, 95, -1, 11.86, 74.0, 3.98, 128
1185.035, 97, -1, 12.43, 74.0, 3.98, 128
1186.002, 96, -1, 11.87, 73.0, 3.99, 128
1187.067, 95, -1, 11.86, 74.0, 3.99, 128
1188.053, 93, -1, 11.84, 74.0, 3.99, 129
1189.019, 91, -1, 11.83, 74.0, 4.00, 129
1190.014, 90, -1, 11.83, 74.0, 4.00, 129
1191.013, 90, -1, 11.82, 73.0, 4.00, 129
1192.055, 91, -1, 11.83, 73.0, 4.01, 129
1193.048, 92, -1, 11.84, 73.0, 4.01, 129
1194.047, 92, -1, 11.84, 73.0, 4.01, 129
1195.009, 95, -1, 11.86, 73.0, 4.02, 129
1196.017, 90, -1, 11.82, 73.0, 4.02, 129
1197.029, 88, -1, 11.81, 73.0, 4.02, 129
1198.007, 91, -1, 11.83, 73.0, 4.03, 130
1199.008, 90, -1, 11.83, 73.0, 4.03, 130
1200.008, 90, -1, 11.83, 74.0, 4.03, 130
1201.051, 90, -1, 11.83, 76.0, 4.04, 130
1202.051, 89, -1, 11.82, 74.0, 4.04, 130
1203.04, 89, -1, 11.82, 74.0, 4.04, 130
1204.018, 89, -1, 11.82, 72.0, 4.05, 130
1205.012, 90, -1, 11.82, 72.0, 4.05, 130
1206.013, 94, -1, 11.85, 73.0, 4.05, 130
1207.045, 87, -1, 11.24, 73.0, 4.06, 130
1208.057, 87, -1, 11.24, 73.0, 4.06, 131
1209.047, 87, -1, 11.81, 72.0, 4.06, 131
1210.041, 79, -1, 11.19, 73.0, 4.06, 131
1211.046, 82, -1, 11.21, 74.0, 4.07, 131
1212.055, 83, -1, 11.21, 72.0, 4.07, 131
1213.045, 83, -1, 11.22, 71.0, 4.07, 131
1214.041, 87, -1, 11.24, 73.0, 4.08, 131
1215.017, 83, -1, 11.22, 73.0, 4.08, 131
1216.046, 82, -1, 11.21, 72.0, 4.08, 131
1217.014, 84, -1, 11.22, 73.0, 4.09, 131
1218.004, 83, -1, 11.22, 74.0, 4.09, 131
1219.018, 83, -1, 11.21, 75.0, 4.09, 132
1220.006, 85, -1, 11.23, 73.0, 4.10, 132
1221.006, 85, -1, 11.23, 74.0, 4.10, 132
1222.049, 86, -1, 11.24, 75.0, 4.10, 132
1223.029, 93, -1, 11.84, 75.0, 4.11, 132
1224.006, 95, -1, 11.86, 75.0, 4.11, 132
1225.064, 93, -1, 11.84, 79.0, 4.11, 132
1226.01, 86, -1, 11.23, 79.0, 4.12, 132
1227.005, 85, -1, 11.23, 82.0, 4.12, 132
1228.023, 89, -1, 11.82, 76.0, 4.12, 132
1229.04, 91, -1, 11.83, 78.0, 4.12, 133
1230.016, 94, -1, 11.85, 77.0, 4.13, 133
1231.024, 99, -1, 12.45, 77.0, 4.13, 133
1232.047, 95, -1, 11.86, 79.0, 4.13, 133
1233.035, 87, -1, 11.81, 78.0, 4.14, 133
1234.057, 83, -1, 11.22, 75.0, 4.14, 133
1235.016, 86, -1, 11.24, 75.0, 4.14, 133
1236.015, 85, -1, 11.23, 75.0, 4.15, 133
1237.046, 85, -1, 11.23, 73.0, 4.15, 133
1238.032, 82, -1, 11.21, 74.0, 4.15, 133
1239.054, 82, -1, 11.21, 73.0, 4.16, 134
1240.058, 83, -1, 11.21, 74.0, 4.16, 134
1241.012, 87, -1, 11.24, 72.0, 4.16, 134
1242.016, 89, -1, 11.82, 71.0, 4.17, 134
1243.054, 85, -1, 11.23, 71.0, 4.17, 134
1244.022, 86, -1, 11.24, 74.0, 4.17, 134
1245.048, 90, -1, 11.83, 72.0, 4.18, 134
1246.004, 91, -1, 11.83, 79.0, 4.18, 134
1247.054, 93, -1, 11.85, 76.0, 4.18, 134
1248.007, 88, -1, 11.81, 79.0, 4.19, 134
1249.009, 85, -1, 11.23, 77.0, 4.19, 134
1250.058, 92, -1, 11.84, 76.0, 4.19, 135
1251.01, 93, -1, 11.85, 74.0, 4.20, 135
1252.077, 94, -1, 11.85, 74.0, 4.20, 135
1253.007, 90, -1, 11.82, 77.0, 4.20, 135
1254.002, 90, -1, 11.82, 81.0, 4.21, 135
1255.013, 91, -1, 11.83, 81.0, 4.21, 135
1256.009, 94, -1, 11.85, 78.0, 4.21, 135
1257.037, 88, -1, 11.81, 75.0, 4.22, 135
1258.052, 82, -1, 11.21, 74.0, 4.22, 135
1259.027, 78, -1, 10.62, 74.0, 4.22, 135
1260.047, 82, -1, 11.21, 75.0, 4.22, 136
1261.019, 91, -1, 11.83, 73.0, 4.23, 136
1262.011, 86, -1, 11.24, 76.0, 4.23, 136
1263.025, 87, -1, 11.25, 76.0, 4.23, 136
1264.043, 87, -1, 11.81, 77.0, 4.24, 136
1265.011, 88, -1, 11.81, 77.0, 4.24, 136
1266.011, 88, -1, 11.81, 77.0, 4.24, 136
1267.05, 90, -1, 11.83, 77.0, 4.25, 136
1268.029, 91, -1, 11.83, 75.0, 4.25, 136
1269.067, 86, -1, 11.24, 76.0, 4.25, 136
1270.02, 86, -1, 11.24, 76.0, 4.26, 137
1271.014, 84, -1, 11.22, 77.0, 4.26, 137
1272.011, 83, -1, 11.22, 76.0, 4.26, 137
1273.026, 86, -1, 11.24, 76.0, 4.27, 137
1274.019, 86, -1, 11.24, 76.0, 4.27, 137
1275.016, 83, -1, 11.22, 76.0, 4.27, 137
1276.042, 84, -1, 11.22, 73.0, 4.28, 137
1277.068, 82, -1, 11.21, 71.0, 4.28, 137
1278.056, 82, -1, 11.21, 70.0, 4.28, 137
1279.001, 83, -1, 11.22, 72.0, 4.28, 137
1280.003, 82, -1, 11.21, 74.0, 4.29, 137
1281.003, 80, -1, 11.20, 75.0, 4.29, 138
1282.018, 85, -1, 11.23, 75.0, 4.29, 138
1283.014, 84, -1, 11.22, 76.0, 4.30, 138
1284.023, 86, -1, 11.24, 76.0, 4.30, 138
1285.027, 88, -1, 11.81, 74.0, 4.30, 138
1286.071, 88, -1, 11.81, 76.0, 4.31, 138
1287.015, 93, -1, 11.84, 76.0, 4.31, 138
1288.024, 89, -1, 11.81, 78.0, 4.31, 138
1289.051, 83, -1, 11.21, 77.0, 4.32, 138
1290.009, 82, -1, 11.21, 74.0, 4.32, 138
1291.007, 82, -1, 11.21, 74.0, 4.32, 139
1292.003, 80, -1, 11.19, 74.0, 4.33, 139
1293.012, 82, -1, 11.21, 75.0, 4.33, 139
1294.014, 85, -1, 11.23, 74.0, 4.33, 139
1295.072, 84, -1, 11.22, 75.0, 4.34, 139
1296.028, 86, -1, 11.24, 76.0, 4.34, 139
1297.063, 87, -1, 11.25, 77.0, 4.34, 139
1298.008, 87, -1, 11.24, 77.0, 4.34, 139
1299.056, 84, -1, 11.22, 77.0, 4.35, 139
1300.05, 82, -1, 11.21, 76.0, 4.35, 139
1301.01, 79, -1, 11.19, 75.0, 4.35, 139
1302.061, 83, -1, 11.21, 75.0, 4.36, 140
1303.031, 84, -1, 11.23, 75.0, 4.36, 140
1304.006, 84, -1, 11.23, 75.0, 4.36, 140
1305.062, 82, -1, 11.21, 75.0, 4.37, 140
1306.062, 81, -1, 11.20, 75.0, 4.37, 140
1307.043, 80, -1, 11.20, 75.0, 4.37, 140
1308.038, 83, -1, 11.22, 74.0, 4.38, 140
1309.047, 85, -1, 11.23, 74.0, 4.38, 140
1310.065, 84, -1, 11.22, 76.0, 4.38, 140
1311.015, 86, -1, 11.24, 76.0, 4.39, 140
1312.064, 85, -1, 11.23, 76.0, 4.39, 140
1313.011, 85, -1, 11.23, 76.0, 4.39, 141
1314.013, 89, -1, 11.82, 74.0, 4.39, 141
1315.042, 84, -1, 11.22, 73.0, 4.40, 141
1316.007, 80, -1, 11.20, 71.0, 4.40, 141
1317.018, 85, -1, 11.23, 73.0, 4.40, 141
1318.049, 92, -1, 11.84, 75.0, 4.41, 141
1319.011, 88, -1, 11.81, 75.0, 4.41, 141
1320.056, 89, -1, 11.82, 76.0, 4.41, 141
1321.022, 95, -1, 11.86, 77.0, 4.42, 141
1322.03, 86, -1, 11.24, 76.0, 4.42, 141
1323.009, 88, -1, 11.81, 76.0, 4.42, 142
1324.015, 89, -1, 11.82, 74.0, 4.43, 142
1325.032, 85, -1, 11.23, 73.0, 4.43, 142
1326.04, 84, -1, 11.22, 74.0, 4.43, 142
1327.048, 85, -1, 11.23, 75.0, 4.44, 142
1328.007, 83, -1, 11.21, 76.0, 4.44, 142
1329.005, 82, -1, 11.21, 73.0, 4.44, 142
1330.007, 89, -1, 11.82, 74.0, 4.45, 142
1331.002, 98, -1, 12.44, 77.0, 4.45, 142
1332.046, 92, -1, 11.84, 76.0, 4.45, 142
1333.015, 89, -1, 11.82, 78.0, 4.46, 143
1334.004, 87, -1, 11.24, 77.0, 4.46, 143
1335.031, 82, -1, 11.21, 78.0, 4.46, 143
1336.042, 83, -1, 11.22, 76.0, 4.46, 143
1337.008, 83, -1, 11.22, 76.0, 4.47, 143
1338.011, 79, -1, 10.63, 75.0, 4.47, 143
1339.016, 91, -1, 11.83, 78.0, 4.47, 143
1340.0, 94, -1, 11.85, 76.0, 4.48, 143
1341.024, 90, -1, 11.82, 76.0, 4.48, 143
1342.044, 88, -1, 11.81, 73.0, 4.48, 143
1343.054, 91, -1, 11.83, 73.0, 4.49, 143
1344.034, 89, -1, 11.82, 73.0, 4.49, 144
1345.024, 91, -1, 11.83, 73.0, 4.49, 144
1346.007, 89, -1, 11.82, 73.0, 4.50, 144
1347.059, 89, -1, 11.82, 73.0, 4.50, 144
1348.025, 90, -1, 11.82, 73.0, 4.50, 144
1349.003, 90, -1, 11.83, 73.0, 4.51, 144
1350.037, 92, -1, 11.84, 73.0, 4.51, 144
1351.021, 90, -1, 11.83, 73.0, 4.51, 144
1352.027, 93, -1, 11.85, 76.0, 4.52, 144
1353.014, 93, -1, 11.84, 75.0, 4.52, 145
1354.047, 92, -1, 11.84, 75.0, 4.52, 145
1355.014, 96, -1, 11.86, 74.0, 4.53, 145
1356.04, 92, -1, 11.84, 73.0, 4.53, 145
1357.019, 91, -1, 11.83, 73.0, 4.53, 145
1358.021, 92, -1, 11.84, 73.0, 4.54, 145
1359.032, 92, -1, 11.84, 73.0, 4.54, 145
1360.01, 97, -1, 12.43, 74.0, 4.54, 145
1361.028, 99, -1, 12.44, 75.0, 4.55, 145
1362.023, 95, -1, 11.86, 75.0, 4.55, 145
1363.019, 90, -1, 11.82, 78.0, 4.55, 146
1364.028, 89, -1, 11.82, 75.0, 4.56, 146
1365.005, 99, -1, 12.44, 75.0, 4.56, 146
1366.071, 97, -1, 12.43, 74.0, 4.56, 146
1367.061, 97, -1, 12.43, 75.0, 4.57, 146
1368.05, 98, -1, 12.43, 75.0, 4.57, 146
1369.008, 98, -1, 12.44, 75.0, 4.57, 146
1370.061, 96, -1, 11.87, 75.0, 4.58, 146
1371.052, 100, -1, 12.45, 76.0, 4.58, 146
1372.028, 99, -1, 12.44, 76.0, 4.58, 147
1373.06, 96, -1, 11.87, 76.0, 4.59, 147
1374.017, 98, -1, 12.44, 76.0, 4.59, 147
1375.055, 98, -1, 12.44, 76.0, 4.59, 147
1376.006, 98, -1, 12.44, 75.0, 4.60, 147
1377.061, 100, -1, 12.45, 75.0, 4.60, 147
1378.003, 94, -1, 11.85, 75.0, 4.60, 147
1379.003, 95, -1, 11.86, 75.0, 4.61, 147
1380.048, 96, -1, 11.87, 74.0, 4.61, 147
1381.07, 96, -1, 11.87, 75.0, 4.61, 147
1382.013, 93, -1, 11.84, 78.0, 4.62, 148
1383.039, 90, -1, 11.82, 79.0, 4.62, 148
1384.035, 93, -1, 11.85, 77.0, 4.62, 148
1385.018, 95, -1, 11.86, 76.0, 4.63, 148
1386.051, 96, -1, 11.86, 74.0, 4.63, 148
1387.044, 95, -1, 11.86, 74.0, 4.63, 148
1388.015, 91, -1, 11.83, 74.0, 4.64, 148
1389.034, 94, -1, 11.85, 77.0, 4.64, 148
1390.036, 96, -1, 11.86, 76.0, 4.64, 148
1391.07, 97, -1, 12.43, 76.0, 4.65, 149
1392.017, 87, -1, 11.81, 74.0, 4.65, 149
1393.021, 87, -1, 11.25, 73.0, 4.65, 149
1394.001, 90, -1, 11.83, 75.0, 4.66, 149
1395.038, 92, -1, 11.84, 74.0, 4.66, 149
1396.03, 95, -1, 11.86, 74.0, 4.66, 149
1397.042, 96, -1, 11.86, 74.0, 4.67, 149
1398.015, 98, -1, 12.44, 75.0, 4.67, 149
1399.007, 99, -1, 12.44, 75.0, 4.67, 149
1400.008, 93, -1, 11.85, 74.0, 4.68, 149
1401.001, 90, -1, 11.82, 74.0, 4.68, 150
1402.092, 93, -1, 11.85, 73.0, 4.68, 150
1403.005, 96, -1, 11.86, 74.0, 4.69, 150
1404.067, 93, -1, 11.85, 74.0, 4.69, 150
1405.078, 89, -1, 11.82, 74.0, 4.69, 150
1406.069, 96, -1, 11.86, 73.0, 4.70, 150
1407.052, 97, -1, 12.43, 74.0, 4.70, 150
1408.007, 99, -1, 12.45, 75.0, 4.70, 150
1409.001, 98, -1, 12.44, 75.0, 4.71, 150
1410.046, 95, -1, 11.86, 75.0, 4.71, 151
1411.009, 90, -1, 11.83, 74.0, 4.71, 151
1412.059, 90, -1, 11.83, 77.0, 4.72, 151
1413.009, 95, -1, 11.86, 75.0, 4.72, 151
1414.078, 93, -1, 11.85, 75.0, 4.72, 151
1415.013, 93, -1, 11.84, 74.0, 4.73, 151
1416.035, 92, -1, 11.84, 74.0, 4.73, 151
1417.022, 93, -1, 11.85, 73.0, 4.73, 151
1418.039, 89, -1, 11.82, 76.0, 4.74, 151
1419.0, 90, -1, 11.82, 74.0, 4.74, 151
1420.025, 93, -1, 11.84, 74.0, 4.74, 152
1421.042, 91, -1, 11.83, 73.0, 4.75, 152
1422.001, 92, -1, 11.84, 76.0, 4.75, 152
1423.028, 91, -1, 11.83, 74.0, 4.75, 152
1424.041, 86, -1, 11.24, 74.0, 4.76, 152
1425.05, 85, -1, 11.23, 72.0, 4.76, 152
1426.027, 90, -1, 11.82, 72.0, 4.76, 152
1427.074, 92, -1, 11.84, 72.0, 4.77, 152
1428.02, 96, -1, 11.86, 74.0, 4.77, 152
1429.01, 101, -1, 12.46, 75.0, 4.77, 152
1430.016, 101, -1, 12.46, 76.0, 4.78, 153
1431.007, 98, -1, 12.44, 76.0, 4.78, 153
1432.046, 95, -1, 11.86, 75.0, 4.78, 153
1433.015, 95, -1, 11.86, 75.0, 4.79, 153
1434.012, 94, -1, 11.85, 74.0, 4.79, 153
1435.083, 91, -1, 11.83, 74.0, 4.79, 153
1436.044, 91, -1, 11.83, 74.0, 4.80, 153
1437.048, 91, -1, 11.83, 73.0, 4.80, 153
1438.031, 91, -1, 11.84, 73.0, 4.80, 153
1439.025, 93, -1, 11.85, 73.0, 4.81, 154
1440.056, 109, -1, 13.07, 75.0, 4.81, 154
1441.004, 102, -1, 12.46, 77.0, 4.81, 154
1442.008, 93, -1, 11.84, 78.0, 4.82, 154
1443.046, 96, -1, 11.86, 76.0, 4.82, 154
1444.054, 98, -1, 12.44, 73.0, 4.82, 154
1445.049, 101, -1, 12.45, 74.0, 4.83, 154
1446.015, 103, -1, 12.47, 70.0, 4.83, 154
1447.058, 99, -1, 12.44, 71.0, 4.83, 154
1448.057, 102, -1, 12.46, 73.0, 4.84, 155
1449.015, 100, -1, 12.45, 72.0, 4.84, 155
1450.049, 97, -1, 12.43, 72.0, 4.84, 155
1451.025, 102, -1, 12.46, 71.0, 4.85, 155
1452.023, 101, -1, 12.46, 71.0, 4.85, 155
1453.007, 101, -1, 12.46, 71.0, 4.85, 155
1454.015, 102, -1, 12.46, 71.0, 4.86, 155
1455.025, 107, -1, 13.05, 72.0, 4.86, 155
1456.007, 105, -1, 12.48, 73.0, 4.87, 155
1457.008, 102, -1, 12.46, 73.0, 4.87, 156
1458.008, 100, -1, 12.45, 72.0, 4.87, 156
1459.016, 99, -1, 12.44, 71.0, 4.88, 156
1460.005, 96, -1, 11.87, 71.0, 4.88, 156
1461.015, 101, -1, 12.46, 70.0, 4.88, 156
1462.073, 109, -1, 13.07, 73.0, 4.89, 156
1463.047, 103, -1, 12.47, 75.0, 4.89, 156
1464.017, 100, -1, 12.45, 74.0, 4.89, 156
1465.042, 100, -1, 12.45, 73.0, 4.90, 156
1466.019, 104, -1, 12.48, 72.0, 4.90, 157
1467.049, 103, -1, 12.47, 72.0, 4.90, 157
1468.038, 105, -1, 12.48, 72.0, 4.91, 157
1469.026, 97, -1, 12.43, 72.0, 4.91, 157
1470.051, 96, -1, 11.87, 70.0, 4.91, 157
1471.011, 96, -1, 11.86, 70.0, 4.92, 157
1472.016, 97, -1, 12.43, 69.0, 4.92, 157
1473.033, 102, -1, 12.46, 70.0, 4.92, 157
1474.016, 104, -1, 12.47, 73.0, 4.93, 157
1475.01, 100, -1, 12.45, 73.0, 4.93, 158
1476.043, 98, -1, 12.44, 75.0, 4.93, 158
1477.01, 104, -1, 12.48, 74.0, 4.94, 158
1478.017, 108, -1, 13.06, 74.0, 4.94, 158
1479.046, 108, -1, 13.06, 73.0, 4.94, 158
1480.011, 105, -1, 12.48, 75.0, 4.95, 158
1481.005, 105, -1, 12.48, 77.0, 4.95, 158
1482.022, 100, -1, 12.45, 75.0, 4.96, 158
1483.018, 101, -1, 12.46, 73.0, 4.96, 158
1484.012, 101, -1, 12.46, 72.0, 4.96, 159
1485.033, 99, -1, 12.45, 74.0, 4.97, 159
1486.024, 102, -1, 12.46, 73.0, 4.97, 159
1487.011, 101, -1, 12.45, 72.0, 4.97, 159
1488.049, 102, -1, 12.46, 71.0, 4.98, 159
1489.059, 105, -1, 12.48, 72.0, 4.98, 159
1490.071, 100, -1, 12.45, 72.0, 4.98, 159
1491.024, 101, -1, 12.46, 71.0, 4.99, 159
1492.079, 99, -1, 12.44, 71.0, 4.99, 159
1493.041, 109, -1, 13.07, 68.0, 4.99, 160
1494.01, 109, -1, 13.07, 71.0, 5.00, 160
1495.087, 117, -1, 13.67, 72.0, 5.00, 160
1496.074, 120, -1, 13.69, 75.0, 5.00, 160
1497.03, 121, -1, 13.70, 76.0, 5.01, 160
1498.008, 117, -1, 13.68, 75.0, 5.01, 160
1499.027, 114, -1, 13.10, 75.0, 5.02, 160
1500.037, 121, -1, 13.69, 75.0, 5.02, 161
1501.047, 125, -1, 13.72, 74.0, 5.02, 161
1502.057, 123, -1, 13.71, 76.0, 5.03, 161
1503.04, 117, -1, 13.67, 74.0, 5.03, 161
1504.064, 119, -1, 13.69, 73.0, 5.03, 161
1505.008, 120, -1, 13.69, 74.0, 5.04, 161
1506.072, 117, -1, 13.67, 76.0, 5.04, 161
1507.057, 115, -1, 13.10, 77.0, 5.05, 161
1508.015, 115, -1, 13.10, 76.0, 5.05, 162
1509.054, 116, -1, 13.11, 74.0, 5.05, 162
1510.091, 113, -1, 13.09, 74.0, 5.06, 162
1511.009, 113, -1, 13.09, 72.0, 5.06, 162
1512.069, 122, -1, 13.70, 74.0, 5.06, 162
1513.007, 123, -1, 13.70, 74.0, 5.07, 162
1514.009, 118, -1, 13.68, 76.0, 5.07, 162
1515.043, 118, -1, 13.68, 74.0, 5.08, 163
1516.07, 114, -1, 13.10, 78.0, 5.08, 163
1517.025, 116, -1, 13.11, 74.0, 5.08, 163
1518.01, 114, -1, 13.10, 76.0, 5.09, 163
1519.028, 115, -1, 13.10, 74.0, 5.09, 163
1520.008, 120, -1, 13.69, 73.0, 5.09, 163
1521.017, 117, -1, 13.68, 75.0, 5.10, 163
1522.055, 115, -1, 13.10, 75.0, 5.10, 163
1523.017, 117, -1, 13.67, 76.0, 5.11, 164
1524.028, 114, -1, 13.10, 74.0, 5.11, 164
1525.089, 116, -1, 13.11, 74.0, 5.11, 164
1526.022, 113, -1, 13.09, 74.0, 5.12, 164
1527.001, 119, -1, 13.68, 75.0, 5.12, 164
1528.006, 123, -1, 13.71, 74.0, 5.12, 164
1529.032, 117, -1, 13.67, 73.0, 5.13, 164
1530.006, 116, -1, 13.11, 74.0, 5.13, 164
1531.08, 117, -1, 13.67, 73.0, 5.14, 165
1532.073, 117, -1, 13.68, 72.0, 5.14, 165
1533.011, 116, -1, 13.11, 73.0, 5.14, 165
1534.006, 115, -1, 13.10, 75.0, 5.15, 165
1535.055, 115, -1, 13.10, 76.0, 5.15, 165
1536.009, 120, -1, 13.69, 76.0, 5.15, 165
1537.001, 119, -1, 13.68, 77.0, 5.16, 165
1538.003, 119, -1, 13.69, 77.0, 5.16, 165
1539.017, 122, -1, 13.70, 77.0, 5.17, 166
1540.021, 122, -1, 13.70, 78.0, 5.17, 166
1541.008, 121, -1, 13.70, 75.0, 5.17, 166
1542.034, 118, -1, 13.68, 76.0, 5.18, 166
1543.264, 119, -1, 13.69, 73.0, 5.18, 166
1544.006, 120, -1, 13.69, 73.0, 5.18, 166
1545.089, 118, -1, 13.68, 72.0, 5.19, 166
1546.007, 122, -1, 13.70, 72.0, 5.19, 167
1547.049, 118, -1, 13.68, 72.0, 5.20, 167
1548.069, 121, -1, 13.70, 78.0, 5.20, 167
1549.007, 116, -1, 13.11, 77.0, 5.20, 167
1550.018, 116, -1, 13.11, 78.0, 5.21, 167
1551.059, 115, -1, 13.10, 76.0, 5.21, 167
1552.016, 113, -1, 13.09, 75.0, 5.21, 167
1553.025, 114, -1, 13.10, 73.0, 5.22, 167
1554.021, 119, -1, 13.69, 72.0, 5.22, 168
1555.002, 115, -1, 13.10, 71.0, 5.23, 168
1556.051, 120, -1, 13.69, 74.0, 5.23, 168
1557.044, 119, -1, 13.69, 73.0, 5.23, 168
1558.033, 120, -1, 13.69, 73.0, 5.24, 168
1559.062, 119, -1, 13.69, 77.0, 5.24, 168
1560.003, 120, -1, 13.69, 77.0, 5.24, 168
1561.01, 125, -1, 13.72, 81.0, 5.25, 169
1562.057, 125, -1, 13.72, 82.0, 5.25, 169
1563.021, 128, -1, 14.29, 82.0, 5.26, 169
1564.016, 132, -1, 14.32, 81.0, 5.26, 169
1565.068, 138, -1, 14.35, 80.0, 5.26, 169
1566.0, 138, -1, 14.34, 81.0, 5.26, 169
